timestamp,thermistor_v,photoresistor_v
0.0,2.05,1.36
0.1,2.05,1.37
0.6,2.05,1.38
1.1,2.05,1.4
1.6,2.05,1.42
2.1,2.05,1.42
2.6,2.05,1.39
3.1,2.05,1.37
3.6,2.05,1.37
4.1,2.05,1.95
4.6,2.05,2.37
5.1,2.05,2.01
5.6,2.05,1.36
6.1,2.05,1.39
6.6,2.05,1.39
7.1,2.05,1.4
7.6,2.05,1.4
8.1,2.05,3.8
8.6,2.05,3.89
9.1,2.05,3.91
9.6,2.05,3.91
10.1,2.05,3.91
10.6,2.05,3.91
11.1,2.05,3.92
11.6,2.05,3.92
12.1,2.05,3.92
12.6,2.05,3.92
13.1,2.05,3.91
13.7,2.05,3.9
14.2,2.05,3.9
14.6,2.05,3.89
15.1,2.05,3.9
15.7,2.05,3.9
16.2,2.05,3.89
16.7,2.05,3.89
17.2,2.05,3.89
17.7,2.05,3.9
18.2,2.05,3.9
18.7,2.05,3.9
19.2,2.05,3.9
19.7,2.05,3.91
20.2,2.05,3.91
20.7,2.05,3.91
21.2,2.05,3.92
21.7,2.05,3.93
22.2,2.05,3.97
22.7,2.05,3.97
23.2,2.05,3.91
23.7,2.05,3.91
24.2,2.05,3.92
24.7,2.05,3.92
25.2,2.05,3.92
25.7,2.05,3.92
26.2,2.05,3.92
26.7,2.05,3.92
27.2,2.05,3.92
27.7,2.05,3.92
28.2,2.05,3.92
28.7,2.05,3.92
29.2,2.05,3.92
29.7,2.05,3.92
30.2,2.05,3.93
30.7,2.05,3.92
31.2,2.05,3.92
31.7,2.05,3.92
32.2,2.05,3.93
32.7,2.05,3.94
33.2,2.05,3.94
33.7,2.05,3.94
34.2,2.05,3.93
34.7,2.05,3.93
35.2,2.05,3.93
35.7,2.05,3.93
36.2,2.04,3.93
36.7,2.04,3.93
37.2,2.04,3.93
37.7,2.04,3.93
38.2,2.04,3.93
38.7,2.04,3.93
39.2,2.04,3.93
39.7,2.04,3.93
40.2,2.04,3.93
40.7,2.04,3.93
41.2,2.04,3.93
41.7,2.04,3.93
42.2,2.05,3.93
42.7,2.05,3.93
43.2,2.05,3.93
43.7,2.05,3.93
44.2,2.05,3.93
44.7,2.05,3.93
45.2,2.05,3.94
45.7,2.05,3.93
46.2,2.05,3.93
46.7,2.05,3.93
47.2,2.05,3.93
47.7,2.05,3.93
48.2,2.05,3.93
48.7,2.05,3.93
49.2,2.05,3.94
49.7,2.05,3.93
50.2,2.05,3.94
50.7,2.05,3.94
51.2,2.05,3.93
51.7,2.05,3.93
52.2,2.05,3.93
52.7,2.05,3.93
53.2,2.05,3.93
53.7,2.05,3.93
54.2,2.05,3.93
54.7,2.05,3.93
55.2,2.05,3.92
55.7,2.05,3.92
56.2,2.05,3.92
56.7,2.05,3.93
57.2,2.05,3.93
57.7,2.05,3.93
58.2,2.05,3.93
58.7,2.05,3.93
59.2,2.05,3.93
59.7,2.05,3.93
60.2,2.05,3.93
60.7,2.05,3.93
61.2,2.05,3.93
61.7,2.05,3.99
62.2,2.05,4.04
62.7,2.05,4.04
63.2,2.05,4.04
63.7,2.04,4.04
64.2,2.04,4.04
64.7,2.03,4.04
65.2,2.03,4.04
65.7,2.03,3.97
66.2,2.03,3.95
66.7,2.03,3.95
67.2,2.04,3.95
67.7,2.04,3.96
68.2,2.04,4.01
68.7,2.04,4.02
69.2,2.04,4.09
69.7,2.04,4.11
70.2,2.03,4.13
70.7,2.03,4.13
71.2,2.02,4.13
71.7,2.02,4.1
72.2,2.02,4.04
72.7,2.01,4.02
73.2,2.02,4.01
73.7,2.02,4.01
74.2,2.02,4.01
74.7,2.02,3.99
75.2,2.02,3.93
75.7,2.02,3.92
76.2,2.02,3.99
76.7,2.03,3.98
77.2,2.03,3.97
77.7,2.03,3.96
78.2,2.03,3.92
78.7,2.03,4.15
79.2,2.03,4.35
79.7,2.03,4.41
80.2,2.03,4.43
80.7,2.03,4.45
81.2,2.03,4.45
81.7,2.02,4.45
82.2,2.02,4.45
82.7,2.02,4.45
83.2,2.02,4.41
83.7,2.02,4.08
84.2,2.02,4.02
84.7,2.02,4.02
85.2,1.97,4.05
85.8,1.9,4.06
86.3,1.87,4.06
86.8,1.85,4.06
87.3,1.83,4.06
87.8,1.83,4.06
88.3,1.83,4.01
88.8,1.84,3.93
89.3,1.87,3.93
89.8,1.88,3.95
90.3,1.89,3.95
90.8,1.9,3.95
91.3,1.92,3.94
91.8,1.93,3.91
92.3,1.94,3.91
92.8,1.94,3.94
93.3,1.95,3.95
93.8,1.96,3.94
94.3,1.97,3.95
94.8,1.98,3.94
95.3,1.98,3.93
95.8,1.99,3.92
96.3,1.99,3.9
96.8,2.0,3.93
97.3,2.0,4.04
97.8,2.01,4.08
98.3,2.01,4.09
98.8,2.01,4.07
99.3,2.01,4.04
99.8,2.02,4.02
100.3,2.02,4.02
100.8,2.02,4.01
101.3,2.03,4.02
101.8,2.03,4.06
102.3,2.03,4.07
102.8,2.03,3.93
103.3,2.03,3.97
103.8,2.03,3.98
104.3,2.04,3.98
104.8,2.04,3.99
105.3,2.04,3.99
105.8,2.04,3.99
106.3,2.04,3.99
106.8,2.04,3.99
107.3,2.04,3.99
107.8,2.04,3.99
108.3,2.04,3.96
108.8,2.04,3.9
109.3,2.05,3.89
109.8,2.05,3.89
110.3,2.05,3.9
110.8,2.05,3.9
111.3,2.05,3.91
111.8,2.05,3.91
112.3,2.05,3.91
112.8,2.05,3.9
113.3,2.06,3.9
113.8,2.06,3.9
114.3,2.06,3.9
114.8,2.06,3.9
115.3,2.06,3.91
115.8,2.06,3.9
116.3,2.06,3.9
116.8,2.06,3.9
117.3,2.06,3.91
117.8,2.06,3.93
118.3,2.06,3.95
118.8,2.06,3.95
119.3,2.06,3.95
119.8,2.06,3.96
120.3,2.06,3.96
120.8,2.06,3.95
121.3,2.06,3.96
121.8,2.06,3.95
122.3,2.06,3.95
122.8,2.06,3.96
123.3,2.07,3.95
123.8,2.07,3.95
124.3,2.07,3.95
124.8,2.07,3.95
125.3,2.07,3.95
125.8,2.07,3.94
126.3,2.07,3.95
126.8,2.07,3.95
127.3,2.07,3.95
127.8,2.07,3.95
128.3,2.07,3.95
128.8,2.07,3.94
129.3,2.07,3.93
129.8,2.07,3.93
130.3,2.07,3.99
130.8,2.08,3.99
131.3,2.08,3.96
131.8,2.08,3.96
132.3,2.08,3.95
132.8,2.08,3.95
133.3,2.08,3.95
133.8,2.08,3.95
134.3,2.08,3.95
134.8,2.08,3.95
135.3,2.08,3.95
135.8,2.08,3.95
136.3,2.08,3.93
136.8,2.08,3.93
137.3,2.08,3.93
137.8,2.07,3.93
138.3,2.08,3.93
138.8,2.08,3.93
139.3,2.08,3.93
139.8,2.08,3.92
140.3,2.07,3.9
140.8,2.07,3.91
141.3,2.07,3.91
141.8,2.07,3.91
142.3,2.07,3.94
142.9,2.07,3.93
143.3,2.07,3.91
143.8,2.07,3.91
144.3,2.07,3.91
144.8,2.07,3.93
145.3,2.07,3.94
145.8,2.07,3.97
146.3,2.07,3.99
146.8,2.07,3.94
147.3,2.07,3.99
147.8,2.07,4.0
148.3,2.07,3.99
148.8,2.07,3.98
149.3,2.07,3.97
149.8,2.07,3.95
150.3,2.07,3.99
150.8,2.07,3.98
151.3,2.07,3.93
151.8,2.06,3.9
152.3,2.06,3.88
152.8,2.06,3.88
153.3,2.06,3.88
153.8,2.06,3.87
154.3,2.06,3.89
154.8,2.06,3.89
155.3,2.06,3.89
155.9,2.06,3.89
156.4,2.06,3.89
156.9,2.06,3.89
157.4,2.06,3.89
157.9,2.06,3.89
158.4,2.06,3.89
158.9,2.06,3.89
159.4,2.06,3.89
159.9,2.06,3.89
160.4,2.06,3.89
160.9,2.06,3.89
161.4,2.06,3.89
161.9,2.06,3.89
162.4,2.06,3.89
162.9,2.06,3.9
163.4,2.06,3.9
163.9,2.06,3.9
164.4,2.06,3.9
164.9,2.06,3.89
165.4,2.05,3.89
165.9,2.06,3.89
166.4,2.05,3.89
166.9,2.05,3.89
167.4,2.05,3.89
167.9,2.05,3.89
168.4,2.05,3.89
168.9,2.05,3.89
169.4,2.05,3.89
169.9,2.05,3.89
170.4,2.05,3.89
170.9,2.05,3.9
171.4,2.06,3.89
171.9,2.05,3.89
172.4,2.05,3.9
172.9,2.06,3.89
173.4,2.06,3.89
173.9,2.06,3.89
174.4,2.06,3.89
174.9,2.06,3.89
175.4,2.06,3.9
175.9,2.06,3.89
176.4,2.06,3.89
176.9,2.06,3.9
177.4,2.06,3.9
177.9,2.06,3.9
178.4,2.06,3.9
178.9,2.06,3.89
179.4,2.06,3.9
179.9,2.06,3.89
180.4,2.06,3.9
180.9,2.06,3.9
181.4,2.06,3.9
181.9,2.06,3.9
182.4,2.06,3.9
182.9,2.06,3.9
183.4,2.06,3.9
183.9,2.06,3.9
184.4,2.06,3.9
184.9,2.06,3.9
185.4,2.06,3.9
185.9,2.06,3.9
186.4,2.06,3.9
186.9,2.06,3.89
187.4,2.06,3.9
187.9,2.06,3.9
188.4,2.06,3.9
188.9,2.06,3.9
189.4,2.06,3.9
189.9,2.06,3.9
190.4,2.06,3.9
190.9,2.06,3.9
191.4,2.06,3.9
191.9,2.06,3.9
192.4,2.06,3.9
192.9,2.06,3.9
193.4,2.07,3.9
193.9,2.07,3.9
194.4,2.06,3.9
194.9,2.06,3.9
195.4,2.06,3.9
195.9,2.06,3.9
196.4,2.07,3.9
196.9,2.06,3.9
197.4,2.06,3.9
197.9,2.06,3.9
198.4,2.06,3.9
198.9,2.06,3.9
199.4,2.06,3.9
199.9,2.06,3.9
200.4,2.06,3.9
200.9,2.06,3.9
201.4,2.06,3.9
201.9,2.07,3.9
202.4,2.07,3.9
202.9,2.07,3.9
203.4,2.07,3.9
203.9,2.07,3.9
204.4,2.07,3.9
204.9,2.07,3.9
205.4,2.07,3.9
205.9,2.06,3.9
206.4,2.07,3.9
206.9,2.07,3.9
207.4,2.06,3.9
207.9,2.06,3.9
208.4,2.07,3.9
208.9,2.06,3.9
209.4,2.06,3.9
209.9,2.06,3.9
210.4,2.06,3.9
210.9,2.06,3.9
211.4,2.06,3.9
211.9,2.06,3.9
212.4,2.06,3.9
212.9,2.06,3.9
213.4,2.06,3.9
213.9,2.06,3.9
214.4,2.06,3.9
214.9,2.06,3.9
215.4,2.06,3.9
215.9,2.06,3.9
216.4,2.06,3.9
216.9,2.06,3.9
217.5,2.06,3.9
217.9,2.06,3.9
218.4,2.06,3.9
218.9,2.06,3.9
219.4,2.06,3.9
219.9,2.06,3.9
220.4,2.06,3.9
220.9,2.06,3.9
221.4,2.06,3.9
221.9,2.06,3.9
222.4,2.06,3.9
222.9,2.06,3.9
223.4,2.06,3.9
223.9,2.06,3.9
224.4,2.06,3.9
224.9,2.06,3.9
225.4,2.06,3.9
225.9,2.06,3.9
226.4,2.06,3.9
226.9,2.06,3.9
227.4,2.06,3.9
227.9,2.06,3.9
228.4,2.06,3.9
229.0,2.06,3.9
229.5,2.06,3.9
230.0,2.06,3.9
230.5,2.06,3.9
231.0,2.06,3.9
231.5,2.06,3.9
232.0,2.06,3.9
232.5,2.06,3.9
233.0,2.06,3.9
233.5,2.06,3.9
234.0,2.06,3.91
234.5,2.06,3.9
235.0,2.06,3.9
235.5,2.06,3.9
1070.4,2.06,3.9
1070.5,2.06,3.9
1070.6,2.06,3.91
1070.7,2.06,3.91
1070.8,2.07,3.91
1070.9,2.06,3.91
1071.0,2.06,3.92
1071.1,2.06,3.93
1071.2,2.06,3.95
1071.6,2.06,4.03
1072.1,2.06,4.03
1072.6,2.06,4.03
1073.1,2.06,4.03
1073.6,2.06,4.03
1074.1,2.07,4.03
1074.6,2.06,4.03
1075.1,2.06,4.03
1140.2,2.06,4.03
1140.3,2.06,4.03
1140.7,2.07,1.21
1141.2,2.07,1.21
1141.7,2.07,1.22
1142.2,2.07,1.51
1142.7,2.07,1.54
1143.2,2.07,1.56
1143.7,2.06,1.42
1144.2,2.06,1.27
1144.7,2.06,1.25
1145.2,2.06,1.23
1145.7,2.06,1.22
1146.2,2.06,1.22
1146.8,2.06,1.22
1147.3,2.06,1.25
1147.7,2.06,1.27
1148.2,2.06,1.27
1148.8,2.06,1.26
1149.3,2.06,1.24
1149.8,2.06,1.22
1150.3,2.06,1.21
1150.8,2.06,1.21
1151.3,2.06,1.22
1151.8,2.06,1.24
1152.3,2.06,1.27
1152.8,2.06,1.28
1153.3,2.06,1.27
1153.8,2.06,1.24
1154.3,2.06,1.22
1154.8,2.06,1.21
1155.3,2.06,1.21
1155.8,2.06,1.23
1156.3,2.06,1.24
1156.8,2.06,1.27
1157.3,2.06,1.28
1157.8,2.05,1.27
1158.3,2.06,1.25
1158.8,2.05,1.23
1159.3,2.06,1.21
1159.8,2.06,1.22
1160.3,2.06,1.23
1160.8,2.06,1.25
1161.3,2.06,1.27
1161.8,2.06,1.28
1162.3,2.06,1.28
1162.8,2.06,1.26
1163.3,2.07,1.24
1163.8,2.07,1.22
1164.3,2.07,1.22
1164.8,2.07,1.23
1165.3,2.07,1.24
1165.8,2.07,1.27
1166.3,2.07,1.28
1166.8,2.07,1.28
1167.3,2.07,1.27
1167.8,2.07,1.24
1168.3,2.07,1.22
1168.8,2.07,1.22
1169.3,2.07,1.23
1169.8,2.07,1.24
1170.3,2.07,1.3
1170.8,2.07,1.29
1171.3,2.07,1.28
1171.8,2.07,1.27
1172.3,2.07,1.25
1172.8,2.07,1.23
1173.3,2.07,1.23
1173.8,2.07,1.24
1174.3,2.07,1.24
1174.8,2.07,1.25
1175.3,2.07,1.28
1175.8,2.07,1.28
1176.3,2.07,1.28
1176.8,2.07,1.26
1177.3,2.07,1.24
1177.8,2.07,1.22
1178.3,2.07,1.22
1178.8,2.07,1.23
1179.3,2.07,1.24
1179.8,2.07,1.26
1180.3,2.07,1.28
1180.8,2.07,1.29
1181.3,2.07,1.28
1181.8,2.07,1.27
1182.3,2.07,1.24
1182.8,2.07,1.22
1183.3,2.07,1.22
1183.8,2.07,1.23
1184.3,2.07,1.24
1184.8,2.07,1.26
1185.3,2.07,1.28
1185.8,2.07,1.29
1186.3,2.07,1.28
1186.8,2.07,1.49
1187.3,2.07,1.25
1187.8,2.07,1.22
1188.3,2.07,1.23
1188.8,2.07,1.23
1189.3,2.07,1.25
1189.8,2.07,1.27
1190.3,2.07,1.29
1190.8,2.07,1.31
1191.3,2.07,1.31
1191.8,2.06,1.28
1192.3,2.06,1.26
1192.8,2.06,1.25
1193.3,2.06,1.24
1193.8,2.06,1.25
1194.3,2.06,1.27
1194.8,2.06,1.29
1195.3,2.06,1.31
1195.8,2.06,1.31
1196.3,2.06,1.29
1196.8,2.06,1.27
1197.3,2.06,1.24
1197.8,2.06,1.23
1198.3,2.06,1.24
1198.8,2.06,1.25
1199.3,2.07,1.27
1199.8,2.07,1.31
1200.3,2.07,1.31
1200.8,2.07,1.31
1201.3,2.07,1.29
1201.8,2.07,1.27
1202.3,2.07,1.25
1202.8,2.07,1.24
1203.3,2.07,1.54
1203.8,2.07,1.28
1204.3,2.08,1.27
1204.8,2.08,1.32
1205.3,2.08,1.31
1205.8,2.08,1.3
1206.3,2.08,1.3
1206.8,2.08,1.26
1207.3,2.08,1.24
1207.8,2.08,1.24
1208.3,2.08,1.25
1208.8,2.08,1.27
1209.3,2.08,1.28
1209.8,2.08,1.3
1210.3,2.08,1.31
1210.8,2.08,1.32
1211.3,2.08,1.3
1211.8,2.08,1.26
1212.3,2.08,1.28
1212.8,2.08,1.28
1213.3,2.08,1.26
1213.8,2.08,1.27
1214.3,2.08,1.31
1214.8,2.08,1.31
1215.3,2.08,1.31
1215.8,2.08,1.31
1216.3,2.08,1.3
1216.9,2.08,1.28
1217.4,2.08,1.26
1217.9,2.08,1.26
1218.4,2.08,1.28
1218.9,2.08,1.26
1219.4,2.08,1.28
1219.9,2.08,1.31
1220.4,2.08,1.33
1220.9,2.08,1.32
1221.4,2.08,1.33
1221.9,2.08,1.3
1222.4,2.08,1.3
1222.9,2.08,1.29
1223.4,2.08,1.27
1223.9,2.08,1.28
1224.4,2.08,1.28
1224.9,2.08,1.3
1225.4,2.08,1.3
1225.9,2.08,1.33
1226.4,2.08,1.34
1226.9,2.08,1.33
1227.4,2.08,1.31
1227.9,2.08,1.29
1228.4,2.08,1.27
1228.9,2.08,1.26
1229.4,2.08,1.27
1229.9,2.08,1.27
1230.4,2.08,1.28
1230.9,2.08,1.31
1231.4,2.08,1.34
1231.9,2.08,1.35
1232.4,2.08,1.31
1232.9,2.08,1.3
1233.4,2.08,1.3
1233.9,2.08,1.26
1234.4,2.08,1.26
1234.9,2.08,1.28
1235.4,2.08,1.27
1235.9,2.08,1.28
1236.4,2.08,1.3
1236.9,2.08,1.32
1237.4,2.08,1.31
1237.9,2.08,1.3
1238.4,2.08,1.29
1238.9,2.08,1.27
1239.4,2.08,1.26
1239.9,2.08,1.27
1240.4,2.08,1.26
1240.9,2.08,1.28
1241.4,2.08,1.29
1241.9,2.08,1.29
1242.4,2.08,1.32
1242.9,2.08,1.33
1243.4,2.08,1.33
1243.9,2.08,1.32
1244.4,2.08,1.33
1244.9,2.08,1.29
1245.4,2.08,1.28
1245.9,2.08,1.28
1246.4,2.08,1.71
1246.9,2.08,1.28
1247.4,2.08,1.28
1247.9,2.08,1.83
1248.4,2.08,1.91
1248.9,2.08,1.85
1249.4,2.08,1.87
1249.9,2.08,1.83
1250.4,2.08,1.32
1250.9,2.08,1.32
1251.4,2.08,1.29
1251.9,2.08,1.28
1252.4,2.08,1.29
1252.9,2.08,1.27
1253.4,2.08,1.27
1253.9,2.08,1.26
1254.4,2.08,1.27
1254.9,2.08,1.29
1255.4,2.08,1.3
1255.9,2.08,1.32
1256.4,2.08,1.31
1256.9,2.08,1.3
1257.4,2.08,1.29
1257.9,2.08,1.29
1258.4,2.08,1.27
1258.9,2.07,1.25
1259.4,2.07,1.24
1259.9,2.07,1.24
1260.4,2.07,1.24
1260.9,2.07,1.25
1261.4,2.07,1.26
1261.9,2.07,1.27
1262.4,2.07,1.32
1262.9,2.06,1.32
1263.4,2.07,1.33
1263.9,2.07,1.33
1264.4,2.07,1.33
1264.9,2.07,1.32
1265.4,2.07,1.34
1265.9,2.07,1.35
1266.4,2.07,1.43
1266.9,2.07,1.27
1267.4,2.07,1.54
1267.9,2.07,1.3
1268.4,2.07,1.35
1268.9,2.07,1.28
1269.4,2.06,1.29
1269.9,2.06,1.3
1270.4,2.07,1.32
1270.9,2.07,1.33
1271.4,2.07,1.34
1271.9,2.07,1.34
1272.4,2.06,1.42
1272.9,2.06,1.44
1273.4,2.06,1.43
1273.9,2.06,1.44
1274.4,2.06,1.43
1274.9,2.06,1.43
1275.4,2.06,1.44
1275.9,2.06,1.45
1276.4,2.06,1.46
1276.9,2.06,1.46
1277.4,2.07,1.48
1277.9,2.06,1.48
1278.4,2.06,1.49
1278.9,2.06,1.5
1279.4,2.07,1.5
1279.9,2.07,1.5
1280.4,2.07,1.49
1280.9,2.07,1.48
1281.4,2.07,1.47
1281.9,2.07,1.45
1282.4,2.07,1.44
1282.9,2.07,1.44
1283.4,2.07,1.44
1283.9,2.07,1.45
1284.4,2.07,1.46
1284.9,2.07,1.49
1285.4,2.07,1.51
1285.9,2.07,1.51
1286.4,2.07,1.51
1286.9,2.07,1.51
1287.4,2.07,1.5
1287.9,2.07,1.5
1288.4,2.07,1.48
1288.9,2.07,1.46
1289.5,2.07,1.45
1290.0,2.07,1.45
1290.5,2.07,1.46
1291.0,2.07,1.48
1291.5,2.07,1.5
1292.0,2.06,1.51
1292.5,2.06,1.53
1293.0,2.06,1.53
1293.5,2.06,1.52
1294.0,2.06,1.51
1294.5,2.06,1.49
1295.0,2.06,1.47
1295.5,2.06,1.46
1296.0,2.06,1.46
1296.5,2.06,1.47
1297.0,2.06,1.48
1297.5,2.06,1.49
1298.0,2.07,1.5
1298.5,2.06,1.52
1299.0,2.07,1.53
1299.5,2.07,1.53
1300.0,2.07,1.5
1300.5,2.07,1.48
1301.0,2.07,1.46
1301.5,2.07,1.45
1302.0,2.07,1.47
1302.5,2.07,1.48
1303.0,2.07,1.5
1303.5,2.07,1.5
1304.0,2.07,1.52
1304.5,2.07,1.52
1305.0,2.07,1.51
1305.5,2.07,1.5
1306.0,2.06,1.48
1306.5,2.06,1.46
1307.0,2.06,1.46
1307.5,2.06,1.46
1308.0,2.06,1.47
1308.5,2.06,1.48
1309.0,2.06,1.5
1309.5,2.06,1.52
1310.0,2.06,1.52
1310.5,2.06,1.51
1311.0,2.06,1.49
1311.5,2.07,1.47
1312.0,2.07,1.46
1312.5,2.07,1.46
1313.0,2.07,1.47
1313.5,2.07,1.49
1314.0,2.07,1.5
1314.5,2.07,1.52
1315.0,2.07,1.53
1315.5,2.07,1.51
1316.0,2.06,1.5
1316.5,2.06,1.47
1317.0,2.07,1.46
1317.5,2.06,1.46
1318.0,2.06,1.47
1318.5,2.07,1.49
1319.0,2.06,1.51
1319.5,2.07,1.52
1320.0,2.07,1.52
1320.5,2.07,1.5
1321.0,2.07,1.48
1321.5,2.07,1.46
1322.0,2.07,1.47
1322.5,2.07,1.48
1323.0,2.07,1.5
1323.5,2.07,1.53
1324.0,2.07,1.54
1324.5,2.07,1.54
1325.0,2.07,1.52
1325.5,2.07,1.49
1326.0,2.07,1.47
1326.5,2.07,1.47
1327.0,2.07,1.49
1327.5,2.07,1.51
1328.0,2.07,1.54
1328.5,2.07,1.54
1329.0,2.07,1.53
1329.5,2.06,1.5
1330.0,2.06,1.46
1330.5,2.06,1.46
1331.0,2.06,1.46
1331.5,2.06,1.48
1332.0,2.06,1.5
1332.5,2.06,1.52
1333.0,2.06,1.54
1333.5,2.06,1.52
1334.0,2.06,1.5
1334.5,2.06,1.48
1335.0,2.06,1.47
1335.5,2.06,1.48
1336.0,2.06,1.5
1336.5,2.06,1.52
1337.0,2.06,1.54
1337.5,2.06,1.54
1338.0,2.06,1.51
1338.5,2.06,1.49
1339.0,2.06,1.47
1339.5,2.07,1.47
1340.0,2.07,1.49
1340.5,2.06,1.51
1341.0,2.06,1.54
1341.5,2.06,1.54
1342.0,2.06,1.53
1342.5,2.06,1.51
1343.0,2.06,1.48
1343.5,2.06,1.47
1344.0,2.06,1.48
1344.5,2.06,1.5
1345.0,2.06,1.52
1345.5,2.06,1.54
1346.0,2.06,1.54
1346.5,2.06,1.52
1347.0,2.06,1.5
1347.5,2.06,1.47
1348.0,2.06,1.47
1348.5,2.06,1.48
1349.0,2.06,1.5
1349.5,2.02,1.53
1350.0,2.06,1.54
1350.5,2.06,1.53
1351.0,2.06,1.5
1351.5,2.06,1.47
1352.0,2.06,1.46
1352.5,2.06,1.47
1353.0,2.06,1.49
1353.5,2.06,1.51
1354.0,2.06,1.54
1354.5,2.06,1.54
1355.0,2.06,1.53
1355.5,2.06,1.5
1356.0,2.06,1.48
1356.5,2.06,1.47
1357.0,2.06,1.48
1357.5,2.06,1.5
1358.0,2.06,1.52
1358.5,2.06,1.54
1359.0,2.07,1.54
1359.6,2.07,1.52
1360.1,2.07,1.5
1360.6,2.07,1.48
1361.1,2.07,1.47
1361.6,2.07,1.48
1362.1,2.07,1.5
1362.6,2.06,1.53
1363.1,2.06,1.54
1363.6,2.06,1.54
1364.1,2.06,1.52
1364.6,2.06,1.5
1365.1,2.06,1.47
1365.6,2.06,1.48
1366.1,2.06,1.48
1366.6,2.06,1.5
1367.1,2.06,1.53
1367.6,2.06,1.57
1368.1,2.06,1.57
1368.6,2.06,1.57
1369.1,2.06,1.56
1369.6,2.06,1.93
1370.1,2.06,1.75
1370.6,2.07,1.55
1371.1,2.07,1.79
1371.6,2.07,1.58
1372.1,2.06,1.62
1372.6,2.06,1.58
1373.1,2.06,1.61
1373.6,2.06,1.56
1374.1,2.06,1.49
1374.6,2.06,1.48
1375.1,2.06,1.49
1375.6,2.06,1.5
1376.1,2.06,1.5
1376.6,2.06,1.52
1377.1,2.06,1.54
1377.6,2.06,1.53
1378.1,2.06,1.51
1378.6,2.06,1.48
1379.1,2.06,1.47
1379.6,2.06,1.48
1380.1,2.06,1.48
1380.6,2.06,1.5
1381.1,2.06,1.53
1381.6,2.06,1.54
1382.1,2.06,1.54
1382.6,2.06,1.52
1383.1,2.06,1.5
1383.6,2.06,1.48
1384.1,2.06,1.47
1384.6,2.06,1.48
1385.1,2.06,1.5
1385.6,2.06,1.52
1386.1,2.06,1.54
1386.6,2.06,1.54
1387.1,2.06,1.53
1387.6,2.06,1.51
1388.1,2.06,1.48
1388.6,2.06,1.47
1389.1,2.06,1.47
1389.6,2.06,1.5
1390.1,2.06,1.52
1390.6,2.06,1.54
1391.1,2.06,1.54
1391.6,2.06,1.54
1392.1,2.06,1.52
1392.6,2.06,1.5
1393.1,2.06,1.48
1393.6,2.06,1.48
1394.1,2.06,1.49
1394.6,2.06,1.5
1395.1,2.06,1.53
1395.6,2.06,1.54
1396.1,2.06,1.54
1396.6,2.06,1.53
1397.1,2.06,1.5
1397.6,2.06,1.48
1398.1,2.06,1.47
1398.6,2.06,1.48
1399.1,2.06,1.5
1399.6,2.06,1.51
1400.1,2.06,1.53
1400.6,2.06,1.54
1401.1,2.06,1.54
1401.6,2.06,1.52
1402.1,2.06,1.49
1402.6,2.06,1.48
1403.1,2.06,1.48
1403.6,2.06,1.49
1404.1,2.06,1.5
1404.6,2.06,1.53
1405.1,2.06,1.54
1405.6,2.06,1.54
1406.1,2.06,1.53
1406.6,2.06,1.51
1407.1,2.06,1.49
1407.6,2.06,1.48
1408.1,2.06,1.48
1408.6,2.06,1.49
1409.1,2.06,1.51
1409.6,2.06,1.54
1410.1,2.06,1.54
1410.6,2.06,1.54
1411.1,2.06,1.52
1411.6,2.06,1.5
1412.1,2.06,1.48
1412.6,2.06,1.48
1413.1,2.06,1.48
1413.6,2.06,1.5
1414.1,2.06,1.51
1414.6,2.06,1.54
1415.1,2.06,1.54
1415.6,2.06,1.54
1416.1,2.06,1.52
1416.6,2.06,1.5
1417.1,2.06,1.48
1417.6,2.06,1.48
1418.1,2.06,1.48
1418.6,2.06,1.5
1419.1,2.06,1.51
1419.6,2.06,1.54
1420.1,2.06,1.54
1420.6,2.06,1.54
1421.1,2.06,1.53
1421.6,2.06,1.51
1422.1,2.06,1.49
1422.6,2.06,1.48
1423.1,2.06,1.49
1423.6,2.06,1.5
1424.1,2.06,1.51
1424.6,2.06,1.54
1425.1,2.06,1.55
1425.6,2.06,1.54
1426.1,2.06,1.54
1426.6,2.06,1.51
1427.1,2.06,1.49
1427.6,2.06,1.48
1428.1,2.06,1.48
1428.6,2.06,1.49
1429.1,2.06,1.51
1429.6,2.06,1.53
1430.1,2.06,1.55
1430.6,2.06,1.54
1431.1,2.06,1.53
1431.6,2.06,1.51
1432.2,2.06,1.48
1432.7,2.06,1.48
1433.2,2.06,1.49
1433.7,2.06,1.5
1434.2,2.06,1.52
1434.7,2.06,1.54
1435.2,2.06,1.55
1435.7,2.06,1.54
1436.2,2.06,1.52
1436.7,2.06,1.49
1437.2,2.06,1.48
1437.7,2.06,1.48
1438.2,2.06,1.48
1438.7,2.06,1.5
1439.2,2.06,1.53
1439.7,2.06,1.55
1440.2,2.06,1.54
1440.7,2.06,1.53
1441.2,2.06,1.5
1441.7,2.06,1.48
1442.2,2.07,1.48
1442.7,2.07,1.49
1443.2,2.07,1.5
1443.7,2.07,1.52
1444.2,2.07,1.54
1444.7,2.07,1.54
1445.2,2.07,1.53
1445.7,2.07,1.51
1446.2,2.07,1.49
1446.7,2.07,1.48
1447.2,2.07,1.48
1447.7,2.07,1.5
1448.2,2.07,1.51
1448.7,2.07,1.54
1449.2,2.07,1.55
1449.7,2.07,1.54
1450.2,2.07,1.53
1450.7,2.07,1.5
1451.2,2.07,1.48
1451.7,2.07,1.48
1452.2,2.07,1.49
1452.7,2.07,1.51
1453.2,2.07,1.53
1453.7,2.07,1.55
1454.2,2.07,1.54
1454.7,2.07,1.53
1455.2,2.07,1.5
1455.7,2.06,1.48
1456.2,2.06,1.47
1456.7,2.06,1.48
1457.2,2.07,1.48
1457.7,2.06,1.5
1458.2,2.06,1.53
1458.7,2.06,1.54
1459.2,2.06,1.54
1459.7,2.06,1.54
1460.2,2.06,1.51
1460.7,2.06,1.49
1461.2,2.06,1.48
1461.7,2.06,1.48
1462.2,2.06,1.49
1462.7,2.06,1.5
1463.2,2.06,1.53
1463.7,2.06,1.54
1464.2,2.06,1.54
1464.7,2.06,1.54
1465.2,2.06,1.52
1465.7,2.07,1.5
1466.2,2.07,1.48
1466.7,2.06,1.48
1467.2,2.06,1.49
1467.7,2.06,1.5
1468.2,2.06,1.53
1468.7,2.06,1.54
1469.2,2.06,1.55
1469.7,2.06,1.54
1470.2,2.06,1.53
1470.7,2.06,1.51
1471.2,2.06,1.49
1471.7,2.06,1.48
1472.2,2.06,1.49
1472.7,2.06,1.5
1473.2,2.06,1.51
1473.7,2.06,1.54
1474.2,2.06,1.55
1474.7,2.06,1.55
1475.2,2.06,1.54
1475.7,2.06,1.52
1476.2,2.06,1.49
1476.7,2.06,1.48
1477.2,2.06,1.49
1477.7,2.06,1.49
1478.2,2.06,1.51
1478.7,2.06,1.52
1479.2,2.06,1.54
1479.7,2.06,1.55
1480.2,2.06,1.55
1480.7,2.06,1.54
1481.2,2.06,1.51
1481.7,2.06,1.48
1482.2,2.06,1.47
1482.7,2.06,1.47
1483.2,2.06,1.48
1483.7,2.06,1.5
1484.2,2.06,1.51
1484.7,2.06,1.54
1485.2,2.07,1.54
1485.7,2.07,1.53
1486.2,2.07,1.51
1486.7,2.07,1.5
1487.2,2.07,1.47
1487.7,2.07,1.47
1488.2,2.07,1.48
1488.7,2.07,1.5
1489.2,2.07,1.51
1489.7,2.07,1.54
1490.2,2.07,1.55
1490.7,2.07,1.55
1491.2,2.06,1.54
1491.7,2.06,1.5
1492.2,2.06,1.48
1492.7,2.06,1.48
1493.2,2.06,1.49
1493.7,2.06,1.5
1494.2,2.06,1.51
1494.7,2.06,1.53
1495.2,2.06,1.55
1495.7,2.06,1.55
1496.2,2.06,1.54
1496.7,2.06,1.53
1497.2,2.06,1.5
1497.7,2.06,1.49
1498.2,2.06,1.48
1498.7,2.06,1.49
1499.2,2.06,1.5
1499.7,2.07,1.51
1500.2,2.07,1.54
1500.7,2.07,1.55
1501.2,2.06,1.55
1501.7,2.06,1.54
1502.2,2.07,1.52
1502.8,2.07,1.5
1503.3,2.07,1.48
1503.8,2.07,1.48
1504.3,2.06,1.49
1504.8,2.06,1.5
1505.3,2.06,1.51
1505.8,2.07,1.53
1506.3,2.07,1.54
1506.8,2.07,1.54
1507.3,2.07,1.52
1507.8,2.07,1.51
1508.3,2.07,1.49
1508.8,2.07,1.48
1509.3,2.07,1.47
1509.8,2.06,1.48
1510.3,2.07,1.49
1510.8,2.07,1.51
1511.3,2.07,1.53
1511.8,2.07,1.54
1512.3,2.07,1.54
1512.8,2.07,1.52
1513.3,2.07,1.5
1513.8,2.07,1.48
1514.3,2.07,1.47
1514.8,2.07,1.48
1515.3,2.07,1.48
1515.8,2.07,1.5
1516.3,2.07,1.52
1516.8,2.07,1.53
1517.3,2.07,1.54
1517.8,2.07,1.54
1518.3,2.07,1.51
1518.8,2.07,1.5
1519.3,2.07,1.49
1519.8,2.07,1.48
1520.3,2.07,1.48
1520.8,2.07,1.5
1521.3,2.07,1.51
1521.8,2.07,1.53
1522.3,2.07,1.55
1522.8,2.07,1.54
1523.3,2.07,1.53
1523.8,2.07,1.51
1524.3,2.07,1.48
1524.8,2.07,1.47
1525.3,2.07,1.47
1525.8,2.07,1.48
1526.3,2.07,1.5
1526.8,2.07,1.52
1527.3,2.07,1.54
1527.8,2.07,1.54
1528.3,2.07,1.54
1528.8,2.07,1.53
1529.3,2.07,1.5
1529.8,2.07,1.49
1530.3,2.07,1.49
1530.8,2.07,1.5
1531.3,2.07,1.52
1531.8,2.07,1.53
1532.3,2.07,1.54
1532.8,2.07,1.54
1533.3,2.07,1.52
1533.8,2.07,1.51
1534.3,2.07,1.48
1534.8,2.07,1.47
1535.3,2.07,1.48
1535.8,2.07,1.49
1536.3,2.07,1.5
1536.8,2.07,1.53
1537.3,2.07,1.54
1537.8,2.07,1.54
1538.3,2.07,1.53
1538.8,2.07,1.5
1539.3,2.07,1.48
1539.8,2.07,1.48
1540.3,2.07,1.47
1540.8,2.07,1.49
1541.3,2.07,1.51
1541.8,2.07,1.54
1542.3,2.06,1.56
1542.8,2.06,1.56
1543.3,2.06,1.54
1543.8,2.06,1.51
1544.3,2.06,1.5
1544.8,2.07,1.47
1545.3,2.06,1.48
1545.8,2.06,1.49
1546.3,2.06,1.5
1546.8,2.06,1.51
1547.3,2.06,1.53
1547.8,2.06,1.54
1548.3,2.06,1.54
1548.8,2.06,1.52
1549.3,2.07,1.51
1549.8,2.07,1.48
1550.3,2.07,1.48
1550.8,2.07,1.48
1551.3,2.07,1.5
1551.8,2.06,1.52
1552.3,2.07,1.54
1552.8,2.07,1.55
1553.3,2.07,1.55
1553.8,2.07,1.54
1554.3,2.07,1.5
1554.8,2.07,1.5
1555.3,2.07,1.48
1555.8,2.07,1.49
1556.3,2.07,1.5
1556.8,2.07,1.52
1557.3,2.07,1.55
1557.8,2.07,1.54
1558.3,2.07,1.53
1558.8,2.07,1.52
1559.3,2.07,1.5
1559.8,2.07,1.49
1560.3,2.07,1.49
1560.8,2.07,1.5
1561.3,2.07,1.5
1561.8,2.07,1.52
1562.3,2.07,1.54
1562.8,2.07,1.55
1563.3,2.07,1.54
1563.8,2.07,1.53
1564.3,2.07,1.5
1564.8,2.07,1.49
1565.3,2.07,1.48
1565.8,2.07,1.5
1566.3,2.07,1.51
1566.8,2.07,1.51
1567.3,2.07,1.54
1567.8,2.07,1.54
1568.3,2.07,1.54
1568.8,2.07,1.53
1569.3,2.07,1.5
1569.8,2.07,1.49
1570.3,2.07,1.49
1570.8,2.07,1.5
1571.3,2.07,1.5
1571.8,2.07,1.52
1572.3,2.07,1.55
1572.8,2.07,1.54
1573.4,2.07,1.54
1573.8,2.07,1.52
1574.3,2.07,1.51
1574.8,2.07,1.5
1575.4,2.07,1.49
1575.9,2.07,1.49
1576.4,2.07,1.5
1576.9,2.07,1.51
1577.4,2.07,1.54
1577.9,2.07,1.54
1578.4,2.07,1.54
1578.9,2.07,1.54
1579.4,2.07,1.55
1579.9,2.07,1.53
1580.4,2.07,1.5
1580.9,2.07,1.49
1581.4,2.07,1.49
1581.9,2.07,1.5
1582.4,2.07,1.51
1582.9,2.07,1.53
1583.4,2.07,1.55
1583.9,2.07,1.56
1584.4,2.07,1.55
1584.9,2.07,1.54
1585.4,2.07,1.53
1585.9,2.07,1.5
1586.4,2.07,1.49
1586.9,2.07,1.49
1587.4,2.06,1.5
1587.9,2.06,1.51
1588.4,2.06,1.52
1588.9,2.06,1.54
1589.4,2.06,1.55
1589.9,2.06,1.55
1590.4,2.06,1.54
1590.9,2.06,1.53
1591.4,2.06,1.51
1591.9,2.06,1.49
1592.4,2.06,1.49
1592.9,2.06,1.49
1593.4,2.06,1.5
1593.9,2.06,1.52
1594.4,2.06,1.54
1594.9,2.06,1.55
1595.4,2.06,1.56
1595.9,2.06,1.56
1596.4,2.06,1.54
1596.9,2.06,1.53
1597.4,2.06,1.51
1597.9,2.06,1.5
1598.4,2.06,1.49
1598.9,2.06,1.49
1599.4,2.06,1.5
1599.9,2.06,1.51
1600.4,2.06,1.53
1600.9,2.06,1.54
1601.4,2.06,1.56
1601.9,2.06,1.56
1602.4,2.06,1.55
1602.9,2.06,1.54
1603.4,2.06,1.52
1603.9,2.06,1.5
1604.4,2.06,1.5
1604.9,2.06,1.5
1605.4,2.06,1.5
1605.9,2.06,1.5
1606.4,2.06,1.51
1606.9,2.06,1.53
1607.4,2.06,1.54
1607.9,2.06,1.55
1608.4,2.06,1.56
1608.9,2.06,1.56
1609.4,2.06,1.55
1609.9,2.06,1.54
1610.4,2.06,1.52
1610.9,2.06,1.5
1611.4,2.06,1.49
1611.9,2.06,1.5
1612.4,2.06,1.5
1612.9,2.06,1.5
1613.4,2.06,1.51
1613.9,2.06,1.53
1614.4,2.06,1.54
1614.9,2.06,1.56
1615.4,2.06,1.56
1615.9,2.06,1.55
1616.4,2.06,1.54
1616.9,2.06,1.53
1617.4,2.06,1.51
1617.9,2.06,1.5
1618.4,2.06,1.49
1618.9,2.06,1.49
1619.4,2.06,1.5
1619.9,2.06,1.51
1620.4,2.06,1.52
1620.9,2.06,1.54
1621.4,2.06,1.56
1621.9,2.06,1.57
1622.4,2.06,1.56
1622.9,2.06,1.54
1623.4,2.06,1.53
1623.9,2.06,1.51
1624.4,2.06,1.5
1624.9,2.06,1.49
1625.4,2.06,1.49
1625.9,2.06,1.5
1626.4,2.06,1.51
1626.9,2.06,1.53
1627.4,2.06,1.54
1627.9,2.06,1.56
1628.4,2.06,1.56
1628.9,2.06,1.55
1629.4,2.06,1.54
1629.9,2.06,1.52
1630.4,2.06,1.49
1630.9,2.06,1.49
1631.4,2.06,1.5
1631.9,2.06,1.48
1632.4,2.06,1.51
1632.9,2.06,1.53
1633.4,2.06,1.54
1633.9,2.06,1.56
1634.4,2.06,1.56
1634.9,2.06,1.55
1635.4,2.06,1.54
1635.9,2.06,1.52
1636.4,2.06,1.5
1636.9,2.06,1.49
1637.4,2.06,1.49
1637.9,2.06,1.5
1638.4,2.06,1.51
1638.9,2.06,1.53
1639.4,2.06,1.55
1639.9,2.06,1.56
1640.4,2.06,1.55
1640.9,2.06,1.54
1641.4,2.06,1.53
1641.9,2.06,1.51
1642.4,2.06,1.49
1642.9,2.06,1.49
1643.4,2.06,1.5
1643.9,2.06,1.51
1644.4,2.06,1.52
1644.9,2.06,1.54
1645.4,2.06,1.56
1646.0,2.06,1.56
1646.5,2.06,1.55
1647.0,2.06,1.54
1647.5,2.06,1.52
1648.0,2.06,1.5
1648.5,2.06,1.49
1649.0,2.06,1.5
1649.5,2.06,1.5
1650.0,2.06,1.51
1650.5,2.06,1.53
1651.0,2.06,1.55
1651.5,2.06,1.56
1652.0,2.06,1.56
1652.5,2.06,1.55
1653.0,2.06,1.54
1653.5,2.06,1.51
1654.0,2.06,1.5
1654.5,2.06,1.49
1655.0,2.06,1.5
1655.5,2.06,1.5
1656.0,2.06,1.52
1656.5,2.06,1.54
1657.0,2.06,1.55
1657.5,2.06,1.56
1658.0,2.06,1.56
1658.5,2.06,1.54
1659.0,2.06,1.53
1659.5,2.06,1.51
1660.0,2.07,1.5
1660.5,2.06,1.5
1661.0,2.06,1.5
1661.5,2.06,1.51
1662.0,2.06,1.53
1662.5,2.06,1.54
1663.0,2.06,1.56
1663.5,2.06,1.56
1664.0,2.06,1.55
1664.5,2.06,1.54
1665.0,2.06,1.52
1665.5,2.06,1.5
1666.0,2.06,1.5
1666.5,2.06,1.5
1667.0,2.06,1.5
1667.5,2.06,1.52
1668.0,2.06,1.54
1668.5,2.06,1.56
1669.0,2.06,1.56
1669.5,2.06,1.56
1670.0,2.06,1.54
1670.5,2.06,1.53
1671.0,2.06,1.5
1671.5,2.06,1.5
1672.0,2.06,1.5
1672.5,2.06,1.5
1673.0,2.06,1.51
1673.5,2.06,1.53
1674.0,2.06,1.55
1674.5,2.06,1.56
1675.0,2.06,1.56
1675.5,2.06,1.55
1676.0,2.06,1.53
1676.5,2.06,1.51
1677.0,2.06,1.5
1677.5,2.06,1.5
1678.0,2.06,1.5
1678.5,2.06,1.51
1679.0,2.06,1.53
1679.5,2.06,1.55
1680.0,2.06,1.56
1680.5,2.06,1.56
1681.0,2.06,1.55
1681.5,2.06,1.54
1682.0,2.06,1.51
1682.5,2.06,1.5
1683.0,2.06,1.5
1683.5,2.06,1.5
1684.0,2.06,1.51
1684.5,2.06,1.52
1685.0,2.06,1.54
1685.5,2.06,1.56
1686.0,2.06,1.56
1686.5,2.06,1.55
1687.0,2.06,1.54
1687.5,2.06,1.52
1688.0,2.06,1.5
1688.5,2.06,1.49
1689.0,2.06,1.5
1689.5,2.06,1.5
1690.0,2.06,1.52
1690.5,2.06,1.54
1691.0,2.06,1.56
1691.5,2.06,1.56
1692.0,2.06,1.55
1692.5,2.06,1.54
1693.0,2.06,1.52
1693.5,2.06,1.5
1694.0,2.06,1.5
1694.5,2.06,1.5
1695.0,2.06,1.5
1695.5,2.06,1.52
1696.0,2.06,1.54
1696.5,2.06,1.55
1697.0,2.06,1.56
1697.5,2.06,1.56
1698.0,2.06,1.54
1698.5,2.06,1.53
1699.0,2.06,1.5
1699.5,2.06,1.5
1700.0,2.06,1.48
1700.5,2.06,1.5
1701.0,2.06,1.51
1701.5,2.06,1.51
1702.0,2.06,1.54
1702.5,2.06,1.55
1703.0,2.06,1.54
1703.5,2.06,1.54
1704.0,2.06,1.54
1704.5,2.06,1.51
1705.0,2.06,1.5
1705.5,2.06,1.5
1706.0,2.06,1.5
1706.5,2.06,1.51
1707.0,2.06,1.53
1707.5,2.06,1.54
1708.0,2.06,1.56
1708.5,2.06,1.56
1709.0,2.06,1.56
1709.5,2.06,1.54
1710.0,2.06,1.53
1710.5,2.06,1.5
1711.0,2.05,1.5
1711.5,2.05,1.5
1712.0,2.06,1.5
1712.5,2.06,1.59
1713.0,2.05,1.61
1713.5,2.05,1.83
1714.0,2.05,1.87
1714.5,2.04,1.88
1715.0,1.98,1.9
1715.5,1.94,1.95
1716.1,1.9,2.2
1716.6,1.88,2.12
1717.1,1.86,2.05
1717.6,1.85,2.07
1718.1,1.84,2.07
1718.6,1.83,2.06
1719.1,1.83,2.05
1719.6,1.82,2.06
1720.1,1.82,3.18
1720.6,1.82,3.43
1721.1,1.81,3.5
1721.6,1.81,3.54
1722.1,1.81,3.48
1722.6,1.81,2.11
1723.1,1.81,2.93
1723.6,1.81,3.16
1724.1,1.81,3.22
1724.6,1.8,3.36
1725.1,1.8,1.87
1725.6,1.8,1.88
1726.1,1.8,1.99
1726.6,1.8,1.99
1727.1,1.8,2.9
1727.6,1.8,3.01
1728.1,1.8,3.06
1728.6,1.8,2.97
1729.1,1.79,3.03
1729.6,1.79,3.0
1730.1,1.79,2.89
1730.6,1.79,2.63
1731.1,1.79,2.7
1731.6,1.78,2.72
1732.1,1.79,2.79
1732.6,1.78,2.83
1733.1,1.78,2.86
1733.6,1.78,2.88
1734.1,1.78,2.83
1734.6,1.78,2.86
1735.1,1.79,1.78
1735.6,1.81,1.81
1736.1,1.83,1.83
1736.6,1.85,1.54
1737.1,1.87,1.48
1737.6,1.88,1.45
1738.1,1.9,1.43
1738.6,1.9,1.42
1739.1,1.91,1.41
1739.6,1.93,1.41
1740.1,1.94,1.42
1740.6,1.95,1.42
1741.1,1.96,1.43
1741.6,1.97,1.44
1742.1,1.98,1.44
1742.6,1.98,1.43
1743.1,1.99,1.42
1743.6,2.0,1.4
1744.1,2.0,1.39
1744.6,2.01,1.37
1745.1,2.01,1.35
1745.6,2.01,1.63
1746.1,2.01,1.4
1746.6,2.02,2.77
1747.1,2.02,3.4
1747.6,2.02,3.4
1748.1,2.03,3.4
1748.6,2.03,3.4
1749.1,2.03,1.47
1749.6,2.03,1.34
1750.1,2.03,1.98
1750.6,2.04,2.9
1751.1,2.04,3.79
1751.6,2.04,3.92
1752.1,2.04,3.96
1752.6,2.04,3.99
1753.1,2.03,4.06
1753.6,2.03,4.21
1754.1,2.03,4.13
1754.6,2.03,4.29
1755.1,2.02,4.3
1755.6,2.02,4.29
1756.1,2.01,4.32
1756.6,2.01,4.35
1757.1,2.0,4.35
1757.6,1.99,4.33
1758.1,1.98,4.24
1758.6,1.98,4.36
1759.1,1.97,4.43
1759.6,1.94,4.42
1760.1,1.93,4.42
1760.6,1.93,4.27
1761.1,1.93,4.16
1761.6,1.93,4.37
1762.1,1.92,4.4
1762.6,1.92,4.44
1763.1,1.9,4.45
1763.6,1.9,4.37
1764.1,1.9,4.4
1764.6,1.9,4.41
1765.1,1.9,4.42
1765.6,1.9,4.43
1766.1,1.87,4.44
1766.6,1.86,4.45
1767.1,1.85,4.46
1767.6,1.84,4.46
1768.1,1.83,4.46
1768.6,1.83,4.46
1769.1,1.82,4.46
1769.6,1.81,4.46
1770.1,1.81,4.46
1770.6,1.81,4.47
1771.1,1.8,4.46
1771.6,1.8,4.46
1772.1,1.8,4.4
1772.6,1.82,2.59
1773.1,1.83,1.3
1773.6,1.85,1.29
1774.1,1.86,1.28
1774.6,1.87,1.26
1775.1,1.89,1.24
1775.6,1.9,1.25
1776.1,1.91,1.25
1776.6,1.92,1.24
1777.1,1.92,1.25
1777.6,1.93,1.28
1778.1,1.94,1.29
1778.6,1.95,4.07
1779.1,1.95,4.17
1779.6,1.96,4.19
1780.1,1.97,4.2
1780.6,1.98,4.2
1781.1,1.98,4.2
1781.6,1.98,4.2
1782.1,1.99,4.2
1782.6,1.99,4.21
1783.1,2.0,4.22
1783.6,2.0,4.25
1784.1,2.01,4.22
1784.6,2.01,4.2
1785.1,2.01,4.2
1785.6,2.01,4.2
1786.1,2.02,4.22
1786.6,2.02,4.22
1787.1,2.02,4.2
1787.6,2.02,4.2
1788.1,2.02,4.2
1788.7,2.02,4.2
1789.2,2.03,4.19
1789.7,2.03,4.2
1790.2,2.03,4.23
1790.7,2.03,4.26
1791.2,2.03,4.43
1791.7,2.03,4.46
1792.2,2.02,4.48
1792.7,2.01,4.48
1793.2,2.01,4.49
1793.7,2.0,4.49
1794.2,1.99,4.5
1794.7,1.99,4.5
1795.2,1.98,4.5
1795.7,1.98,4.5
1796.2,1.97,4.5
1796.7,1.96,4.5
1797.2,1.96,4.5
1797.7,1.95,4.5
1798.2,1.94,4.5
1798.7,1.94,4.5
1799.2,1.94,4.5
1799.7,1.94,4.5
1800.2,1.93,4.5
1800.7,1.92,4.5
1801.2,1.92,4.5
1801.7,1.92,4.5
1802.2,1.92,4.5
1802.7,1.92,4.5
1803.2,1.92,4.5
1803.7,1.91,4.5
1804.2,1.9,4.5
1804.7,1.9,4.5
1805.2,1.9,4.5
1805.7,1.9,4.5
1806.2,1.9,4.5
1806.7,1.91,4.5
1807.2,1.91,4.5
1807.7,1.92,4.49
1808.2,1.93,4.46
1808.7,1.93,4.44
1809.2,1.94,4.35
1809.7,1.94,4.27
1810.2,1.94,4.25
1810.7,1.95,4.24
1811.2,1.95,4.23
1811.7,1.96,4.22
1812.2,1.96,4.22
1812.7,1.96,4.22
1813.2,1.97,4.22
1813.7,1.97,4.24
1814.2,1.98,4.22
1814.7,1.98,4.21
1815.2,1.98,4.21
1815.7,1.98,4.21
1816.2,1.98,4.21
1816.7,1.99,3.38
1817.2,1.99,3.3
1817.7,1.99,3.3
1818.2,1.99,3.29
1818.7,2.0,3.27
1819.2,2.0,3.26
1819.7,2.0,3.24
1820.2,2.0,3.24
1820.7,2.01,3.24
1821.2,2.01,3.26
1821.7,2.01,3.26
1822.2,2.01,3.26
1822.7,2.01,3.26
1823.2,2.01,3.25
1823.7,2.01,3.24
1824.2,2.01,3.21
1824.7,2.01,2.78
1825.2,2.01,2.71
1825.7,2.01,2.72
1826.2,2.02,2.73
1826.7,2.02,2.74
1827.2,2.02,2.76
1827.7,2.02,2.75
1828.2,2.02,2.71
1828.7,2.02,2.7
1829.2,2.02,2.69
1829.7,2.02,2.67
1830.2,2.02,2.65
1830.7,2.03,2.66
1831.2,2.03,2.15
1831.7,2.03,1.31
1832.2,2.03,2.12
1832.7,2.03,2.43
1833.2,2.03,1.61
1833.7,2.03,2.77
1834.2,2.03,2.85
1834.7,2.03,2.85
1835.2,2.03,2.86
1835.7,2.03,2.86
1836.2,2.03,2.87
1836.7,2.03,1.31
1837.2,2.03,1.24
1837.7,2.03,1.23
1838.2,2.03,1.39
1838.7,2.03,2.67
1839.2,2.03,2.85
1839.7,2.03,2.86
1840.2,2.03,2.86
1840.7,2.03,1.28
1841.2,2.03,1.28
1841.7,2.03,1.28
1842.2,2.04,1.4
1842.7,2.04,2.44
1843.2,2.04,2.88
1843.7,2.04,2.87
1844.2,2.04,2.86
1844.7,2.04,2.86
1845.2,2.04,2.86
1845.7,2.04,2.81
1846.2,2.04,2.31
1846.7,2.04,1.28
1847.2,2.04,1.27
1847.7,2.04,1.25
1848.2,2.04,1.45
1848.7,2.04,2.71
1849.2,2.04,2.86
1849.7,2.04,2.87
1850.2,2.04,2.87
1850.7,2.04,2.87
1851.2,2.04,2.88
1851.7,2.04,2.88
1852.2,2.04,2.89
1852.7,2.04,2.9
1853.2,2.05,2.92
1853.7,2.05,2.91
1854.2,2.05,2.89
1854.7,2.05,2.87
1855.2,2.05,2.86
1855.7,2.05,3.66
1856.2,2.05,4.18
1856.7,2.05,4.21
1857.2,2.05,4.22
1857.7,2.05,4.23
1858.2,2.05,4.23
1858.8,2.05,4.22
1859.3,2.05,4.21
1859.8,2.05,4.21
1860.3,2.05,4.21
1860.8,2.05,4.21
1861.3,2.05,4.21
1861.8,2.05,4.21
1862.3,2.05,4.21
1862.8,2.05,4.21
1863.3,2.05,4.21
1863.8,2.05,4.21
1864.3,2.05,4.21
1864.8,2.05,4.21
1865.3,2.05,4.22
1865.8,2.05,4.23
1866.3,2.05,4.24
1866.8,2.05,4.24
1867.3,2.05,4.23
1867.8,2.05,4.22
1868.3,2.05,4.21
1868.8,2.05,4.21
1869.3,2.05,4.21
1869.8,2.05,4.21
1870.3,2.05,4.21
1870.8,2.05,4.21
1871.3,2.05,4.22
1871.8,2.05,4.21
1872.3,2.05,4.21
1872.8,2.05,4.22
1873.3,2.05,4.21
1873.8,2.05,4.21
1874.3,2.05,4.22
1874.8,2.05,4.21
1875.3,2.05,4.22
1875.8,2.05,4.22
1876.3,2.05,4.22
1876.8,2.05,4.21
1877.3,2.05,4.21
1877.8,2.05,4.22
1878.3,2.05,4.21
1878.8,2.05,4.22
1879.3,2.05,4.21
1879.8,2.05,4.22
1880.3,2.05,4.22
1880.8,2.05,4.22
1881.3,2.05,4.21
1881.8,2.05,4.22
1882.3,2.05,4.21
1882.8,2.05,4.22
1883.3,2.05,4.22
1883.8,2.05,4.21
1884.3,2.05,4.21
1884.8,2.05,4.22
1885.3,2.05,4.21
1885.8,2.05,4.22
1886.3,2.05,4.22
1886.8,2.05,4.22
1887.3,2.05,4.22
1887.8,2.05,4.22
1888.3,2.05,4.22
1888.8,2.05,4.22
1889.3,2.05,4.22
1889.8,2.05,4.22
1890.3,2.05,4.22
1890.8,2.05,4.22
1891.3,2.05,4.22
1891.8,2.05,4.22
1892.3,2.05,4.22
1892.8,2.05,4.22
1893.3,2.05,4.22
1893.8,2.05,4.22
1894.3,2.05,4.22
1894.8,2.05,4.22
1895.3,2.05,4.22
1895.8,2.05,4.22
1896.3,2.06,4.22
1896.8,2.05,4.22
1897.3,2.05,4.22
1897.8,2.05,4.22
1898.3,2.05,4.22
1898.8,2.05,4.22
1899.3,2.05,4.22
1899.8,2.05,4.22
1900.3,2.05,4.22
1900.8,2.05,4.22
1901.3,2.05,4.22
1901.8,2.05,4.22
1902.3,2.05,4.22
1902.8,2.05,4.22
1903.3,2.05,4.22
1903.8,2.05,4.22
1904.3,2.05,4.22
1904.8,2.05,4.22
1905.3,2.05,4.22
1905.8,2.05,4.22
1906.3,2.05,4.22
1906.8,2.05,4.22
1907.3,2.05,4.22
1907.8,2.05,4.22
1908.3,2.05,4.22
1908.8,2.05,4.22
1909.3,2.05,4.22
1909.8,2.05,4.22
1910.3,2.05,4.22
1910.8,2.05,4.22
1911.3,2.05,4.22
1911.8,2.05,4.22
1912.3,2.05,4.22
1912.8,2.05,4.22
1913.3,2.05,4.22
1913.8,2.05,4.22
1914.3,2.05,4.22
1914.8,2.05,4.22
1915.3,2.05,4.22
1915.8,2.05,4.22
1916.3,2.05,4.22
1916.8,2.06,4.22
1917.3,2.05,4.22
1917.8,2.05,4.22
1918.3,2.05,4.22
1918.8,2.05,4.22
1919.3,2.05,4.22
1919.8,2.05,4.22
1920.3,2.05,4.22
1920.8,2.05,4.22
1921.3,2.05,4.22
1921.8,2.05,4.22
1922.3,2.05,4.22
1922.8,2.05,4.22
1923.3,2.05,4.22
1923.8,2.05,4.22
1924.3,2.05,4.22
1924.8,2.05,4.22
1925.3,2.05,4.22
1925.8,2.05,4.22
1926.3,2.05,4.23
1926.8,2.05,4.23
1927.3,2.05,4.22
1927.8,2.05,4.22
1928.3,2.05,4.22
1928.8,2.05,4.22
1929.4,2.05,4.22
1929.9,2.05,4.22
1930.3,2.05,4.22
1930.8,2.05,4.23
1931.4,2.05,4.23
1931.9,2.05,4.23
1932.4,2.05,4.23
1932.9,2.05,4.23
1933.4,2.05,4.23
1933.9,2.05,4.23
1934.4,2.05,4.23
1934.9,2.05,4.23
1935.4,2.05,4.23
1935.9,2.05,4.23
1936.4,2.05,4.23
1936.9,2.05,4.23
1937.4,2.06,4.23
1937.9,2.06,4.23
1938.4,2.06,4.23
1938.9,2.06,4.23
1939.4,2.06,4.23
1939.9,2.06,4.23
1940.4,2.05,4.23
1940.9,2.06,4.23
1941.4,2.06,4.23
1941.9,2.06,4.23
1942.4,2.06,4.23
1942.9,2.06,4.23
1943.4,2.06,4.23
1943.9,2.06,4.23
1944.4,2.06,4.23
1944.9,2.06,4.23
1945.4,2.06,4.23
1945.9,2.06,4.23
1946.4,2.06,4.23
1946.9,2.06,4.23
1947.4,2.06,4.23
1947.9,2.06,4.23
1962.0,2.06,4.23
1962.4,2.06,4.23
1962.5,2.06,4.23
1962.6,2.06,4.23
1962.7,2.06,4.23
1962.8,2.06,4.23
1962.9,2.06,4.23
1963.4,2.06,4.18
1963.9,2.06,4.18
1964.4,2.06,4.18
1964.9,2.06,4.18
1965.4,2.06,4.17
1965.9,2.06,4.16
1966.4,2.06,4.17
1966.9,2.06,4.17
2038.6,2.06,4.17
2038.7,2.06,4.17
2038.8,2.06,4.25
2039.0,2.06,1.23
2039.5,2.06,1.25
2040.0,2.06,1.26
2040.5,2.06,1.51
2041.0,2.06,1.53
2041.5,2.06,1.31
2042.0,2.06,1.3
2042.5,2.06,1.29
2043.0,2.06,1.58
2043.5,2.05,1.56
2044.0,2.05,1.55
2044.5,2.05,1.54
2045.0,2.05,1.55
2045.5,2.05,1.56
2046.0,2.05,1.27
2046.5,2.05,1.28
2047.0,2.05,1.3
2047.5,2.05,1.32
2048.0,2.05,1.3
2048.5,2.05,1.29
2049.0,2.05,1.27
2049.5,2.05,1.25
2050.0,2.05,1.24
2050.5,2.05,1.24
2051.0,2.05,1.24
2051.5,2.05,1.25
2052.0,2.05,1.26
2052.5,2.05,1.28
2053.0,2.05,1.3
2053.5,2.05,1.31
2054.0,2.05,1.3
2054.5,2.05,1.29
2055.0,2.05,1.28
2055.5,2.05,1.25
2056.0,2.05,1.24
2056.5,2.05,1.24
2057.0,2.05,1.24
2057.5,2.05,1.25
2058.0,2.05,1.27
2058.5,2.05,1.28
2059.0,2.05,1.3
2059.5,2.05,1.31
2060.0,2.05,1.3
2060.5,2.05,1.29
2061.0,2.05,1.27
2061.5,2.05,1.25
2062.0,2.05,1.24
2062.5,2.05,1.24
2063.0,2.05,1.25
2063.5,2.05,1.26
2064.0,2.05,1.28
2064.5,2.05,1.3
2065.0,2.05,1.31
2065.5,2.05,1.31
2066.0,2.05,1.3
2066.5,2.05,1.28
2067.0,2.05,1.26
2067.5,2.05,1.24
2068.0,2.05,1.24
2068.5,2.05,1.24
2069.0,2.05,1.26
2069.5,2.05,1.27
2070.1,2.05,1.29
2070.6,2.05,1.31
2071.0,2.05,1.31
2071.5,2.05,1.28
2072.1,2.05,1.27
2072.6,2.05,1.25
2073.1,2.05,1.24
2073.6,2.05,1.24
2074.1,2.05,1.24
2074.6,2.05,1.26
2075.1,2.05,1.28
2075.6,2.05,1.3
2076.1,2.05,1.31
2076.6,2.05,1.29
2077.1,2.05,1.28
2077.6,2.05,1.26
2078.1,2.05,1.24
2078.6,2.05,1.24
2079.1,2.05,1.25
2079.6,2.05,1.26
2080.1,2.05,1.28
2080.6,2.05,1.3
2081.1,2.06,1.31
2081.6,2.06,1.3
2082.1,2.06,1.28
2082.6,2.06,1.26
2083.1,2.06,1.24
2083.6,2.06,1.24
2084.1,2.06,1.25
2084.6,2.06,1.27
2085.1,2.06,1.28
2085.6,2.06,1.31
2086.1,2.06,1.31
2086.6,2.06,1.3
2087.1,2.06,1.28
2087.6,2.06,1.26
2088.1,2.06,1.24
2088.6,2.06,1.24
2089.1,2.06,1.26
2089.6,2.06,1.28
2090.1,2.06,1.3
2090.6,2.06,1.32
2091.1,2.06,1.31
2091.6,2.06,1.29
2092.1,2.06,1.26
2092.6,2.06,1.24
2093.1,2.06,1.24
2093.6,2.06,1.26
2094.1,2.06,1.28
2094.6,2.06,1.3
2095.1,2.06,1.31
2095.6,2.06,1.31
2096.1,2.06,1.28
2096.6,2.06,1.26
2097.1,2.06,1.25
2097.6,2.06,1.25
2098.1,2.06,1.35
2098.6,2.06,1.35
2099.1,2.06,1.37
2099.6,2.06,1.39
2100.1,2.06,1.38
2100.6,2.06,1.36
2101.1,2.06,1.26
2101.6,2.06,1.24
2102.1,2.06,1.25
2102.6,2.06,1.26
2103.1,2.06,1.28
2103.6,2.06,1.31
2104.1,2.06,1.32
2104.6,2.06,1.3
2105.1,2.06,1.28
2105.6,2.06,1.25
2106.1,2.06,1.25
2106.6,2.06,1.25
2107.1,2.06,1.27
2107.6,2.06,1.29
2108.1,2.06,1.31
2108.6,2.06,1.32
2109.1,2.06,1.3
2109.6,2.06,1.28
2110.1,2.06,1.25
2110.6,2.06,1.25
2111.1,2.06,1.49
2111.6,2.06,1.26
2112.1,2.06,1.28
2112.6,2.06,1.3
2113.1,2.06,1.31
2113.6,2.06,1.3
2114.1,2.06,1.28
2114.6,2.06,1.24
2115.1,2.07,1.24
2115.6,2.07,1.25
2116.1,2.06,1.28
2116.6,2.06,1.29
2117.1,2.06,1.32
2117.6,2.06,1.3
2118.1,2.06,1.28
2118.6,2.06,1.25
2119.1,2.06,1.24
2119.6,2.06,1.24
2120.1,2.06,1.25
2120.6,2.06,1.27
2121.1,2.06,1.3
2121.6,2.06,3.88
2122.1,2.06,4.21
2122.6,2.06,4.23
2123.1,2.06,4.24
2123.6,2.06,4.24
2124.1,2.06,4.25
2124.6,2.06,4.25
2125.1,2.06,4.25
2125.6,2.07,4.25
2126.1,2.06,4.27
2126.6,2.07,4.26
2127.1,2.07,4.28
2127.6,2.07,4.28
2128.1,2.07,4.28
2128.6,2.07,4.3
2129.1,2.07,4.3
2129.6,2.07,4.29
2130.1,2.07,4.3
2130.6,2.07,4.29
2131.1,2.07,4.28
2131.6,2.07,4.28
2132.1,2.07,4.29
2132.6,2.07,4.27
2133.1,2.07,4.27
2133.6,2.07,4.26
2134.1,2.07,4.26
2134.6,2.07,4.25
2135.1,2.07,4.25
2135.6,2.07,4.25
2136.1,2.07,4.25
2136.6,2.07,4.25
2137.1,2.07,4.25
2137.6,2.07,4.25
2138.1,2.07,4.25
2138.6,2.07,4.25
2139.1,2.07,4.25
2139.6,2.07,4.25
2140.1,2.07,4.25
2140.6,2.07,4.25
2141.1,2.07,4.25
2141.6,2.07,4.25
2142.2,2.07,4.25
2142.7,2.07,4.26
2143.2,2.07,4.25
2143.7,2.07,4.25
2144.2,2.07,4.25
2144.7,2.07,4.25
2145.2,2.07,4.25
2145.7,2.06,4.25
2146.2,2.06,4.25
2146.7,2.06,4.25
2147.2,2.06,4.26
2147.7,2.06,4.25
2148.2,2.06,4.25
2148.7,2.06,4.25
2149.2,2.06,4.25
2149.7,2.06,4.25
2150.2,2.06,4.25
2150.7,2.06,4.25
2151.2,2.06,4.25
2151.7,2.06,4.25
2152.2,2.06,4.25
2152.7,2.06,4.25
2153.2,2.06,4.25
2153.7,2.06,4.25
2154.2,2.06,4.25
2154.7,2.06,4.25
2155.2,2.06,4.25
2155.7,2.06,4.25
2156.2,2.06,4.25
2156.7,2.06,4.25
2157.2,2.06,4.25
2157.7,2.06,4.25
2158.2,2.06,4.25
2158.7,2.06,4.25
2159.2,2.06,4.25
2159.7,2.06,4.25
2160.2,2.06,4.25
2160.7,2.06,4.25
2161.2,2.06,4.25
2161.7,2.06,4.25
2162.2,2.06,4.25
2162.7,2.06,4.25
2163.2,2.06,4.25
2163.7,2.06,4.25
2164.2,2.06,4.25
2164.7,2.06,4.25
2165.2,2.06,4.25
2165.7,2.06,4.25
2166.2,2.06,4.25
2166.7,2.06,4.25
2167.2,2.06,4.25
2167.7,2.06,4.25
2168.2,2.06,4.25
2168.7,2.06,4.25
2169.2,2.06,4.25
2169.7,2.06,4.25
2170.2,2.06,4.25
2170.7,2.06,4.25
2171.2,2.06,4.25
2171.7,2.06,4.25
2172.2,2.06,4.26
2172.7,2.06,4.25
2173.2,2.06,4.25
2173.7,2.06,4.25
2174.2,2.06,4.25
2174.7,2.06,4.25
2175.2,2.06,4.25
2175.7,2.06,4.25
2176.2,2.06,4.25
2176.7,2.06,4.25
2177.2,2.06,4.25
2177.7,2.06,4.25
2178.2,2.06,4.25
2178.7,2.06,4.25
2179.2,2.06,4.25
2179.7,2.06,4.25
2180.2,2.06,4.25
2180.7,2.06,4.26
2181.2,2.06,4.25
2181.7,2.06,4.25
2182.2,2.06,4.25
2182.7,2.06,4.25
2183.2,2.06,4.26
2183.7,2.06,4.25
2184.2,2.06,4.25
2184.7,2.06,4.25
2185.2,2.06,4.25
2185.7,2.06,4.26
2186.2,2.06,4.25
2186.7,2.06,4.27
2187.2,2.06,4.25
2187.7,2.06,4.25
2188.2,2.06,4.25
2188.7,2.06,4.25
2189.2,2.06,4.26
2189.7,2.06,4.25
2190.2,2.06,4.25
2190.7,2.06,4.25
2191.2,2.06,4.26
2191.7,2.06,4.25
2192.2,2.06,4.25
2192.7,2.06,4.25
2193.2,2.06,4.25
2193.7,2.06,4.25
2194.2,2.06,4.25
2194.7,2.06,4.25
2195.2,2.06,4.25
2195.7,2.06,4.26
2196.2,2.06,4.25
2196.7,2.06,4.25
2197.2,2.06,4.26
2197.7,2.06,4.25
2198.2,2.06,4.25
2198.7,2.06,4.26
2199.2,2.06,4.25
2199.7,2.06,4.26
2200.2,2.06,4.25
2200.7,2.06,4.25
2201.2,2.06,4.26
2201.7,2.06,4.26
2202.2,2.06,4.25
2202.7,2.06,4.25
2203.2,2.06,4.26
2203.7,2.06,4.25
2204.2,2.06,4.26
2204.7,2.06,4.25
2205.2,2.06,4.26
2205.7,2.06,4.26
2206.2,2.06,4.26
2206.7,2.06,4.25
2207.2,2.06,4.25
2207.7,2.06,4.26
2208.2,2.06,4.26
2208.7,2.06,4.26
2209.2,2.06,4.26
2209.7,2.06,4.26
2210.2,2.06,4.26
2210.7,2.06,4.26
2211.2,2.06,4.26
2211.7,2.06,4.25
2212.3,2.06,4.26
2212.8,2.06,4.26
2213.3,2.06,4.26
2213.7,2.06,4.26
2214.3,2.06,4.26
2214.8,2.06,4.26
2215.3,2.06,4.26
2215.8,2.06,4.25
2216.3,2.06,4.26
2216.8,2.06,4.26
2217.3,2.06,4.26
2217.8,2.06,4.26
2218.3,2.06,4.26
2218.8,2.06,4.26
2219.3,2.06,4.26
2219.8,2.06,4.26
2220.3,2.06,4.26
2220.8,2.06,4.26
2221.3,2.06,4.26
2221.8,2.06,4.26
2222.3,2.06,4.26
2222.8,2.06,4.26
2223.3,2.06,4.26
2223.8,2.06,4.26
2224.3,2.06,4.26
2224.8,2.06,4.26
2225.3,2.06,4.21
2225.8,2.06,4.21
2226.3,2.06,4.21
2226.8,2.06,4.21
2227.3,2.06,4.2
2227.8,2.06,4.2
2228.3,2.05,4.2
2228.8,2.05,4.2
2229.3,2.06,4.2
2229.8,2.05,4.2
2230.3,2.05,4.2
2230.8,2.05,4.2
2231.3,2.05,4.2
2231.8,2.05,4.2
2232.3,2.05,4.2
2232.8,2.05,4.2
2233.3,2.05,4.2
2233.8,2.05,4.2
2234.3,2.05,4.2
2234.8,2.05,4.2
2235.3,2.05,4.2
2235.8,2.05,4.2
2236.3,2.05,4.2
2236.8,2.05,4.2
2237.3,2.05,4.2
2237.8,2.05,4.2
2238.3,2.05,4.2
2238.8,2.05,4.2
2239.3,2.05,4.2
2239.8,2.05,4.2
2240.3,2.05,4.2
2240.8,2.05,4.2
2241.3,2.05,4.2
2241.8,2.05,4.2
2242.3,2.05,4.2
2242.8,2.05,4.2
2243.3,2.05,4.2
2243.8,2.06,4.2
2244.3,2.05,4.2
2244.8,2.06,4.2
2245.3,2.06,4.2
2245.8,2.06,4.2
2246.3,2.06,4.2
2246.8,2.06,4.2
2247.3,2.06,4.2
2247.8,2.06,4.2
2248.3,2.06,4.2
2248.8,2.06,4.2
2249.3,2.06,4.2
2249.8,2.06,4.2
2250.3,2.06,4.2
2250.8,2.06,4.2
2251.3,2.06,4.2
2251.8,2.06,4.2
2252.3,2.06,4.2
2252.8,2.06,4.2
2253.3,2.06,4.2
2253.8,2.06,4.2
2254.3,2.06,4.2
2254.8,2.06,4.2
2255.3,2.06,4.2
2255.8,2.06,4.2
2256.3,2.06,4.2
2256.8,2.06,4.2
2257.3,2.06,4.2
2257.8,2.06,4.2
2258.3,2.06,4.2
2258.8,2.06,4.2
2259.3,2.06,4.2
2259.8,2.06,4.2
2260.3,2.06,4.2
2260.8,2.06,4.2
2261.3,2.06,4.2
2261.8,2.06,4.2
2262.3,2.06,4.2
2262.8,2.06,4.2
2263.3,2.06,4.2
2263.8,2.06,4.2
2264.3,2.06,4.21
2264.8,2.06,4.2
2265.3,2.06,4.2
2265.8,2.06,4.21
2266.3,2.06,4.21
2266.8,2.06,4.2
2267.3,2.06,4.21
2267.8,2.06,4.2
2268.3,2.06,4.2
2268.8,2.06,4.21
2269.3,2.06,4.2
2269.8,2.06,4.21
2270.3,2.06,4.21
2270.8,2.06,4.21
2271.3,2.06,4.21
2271.8,2.06,4.2
2272.3,2.06,4.21
2272.8,2.06,4.21
2273.3,2.06,4.21
2273.8,2.06,4.21
2274.3,2.06,4.21
2274.8,2.06,4.21
2275.3,2.06,4.21
2275.8,2.06,4.21
2276.3,2.06,4.21
2276.8,2.06,4.21
2277.3,2.06,4.22
2277.8,2.06,4.23
2278.3,2.06,4.24
2278.8,2.06,4.23
2279.3,2.06,4.24
2279.8,2.06,4.24
2280.3,2.06,4.22
2280.8,2.06,4.21
2281.3,2.06,4.22
2281.8,2.06,4.22
2282.3,2.06,4.21
2282.8,2.06,4.21
2283.3,2.06,4.21
2283.8,2.06,4.21
2284.3,2.06,4.21
2284.9,2.06,4.21
2285.4,2.06,4.21
2285.9,2.06,4.21
2286.4,2.06,4.21
2286.9,2.06,4.21
2287.4,2.06,4.21
2287.9,2.06,4.21
2288.4,2.06,4.21
2288.9,2.06,4.21
2289.4,2.06,4.21
2289.9,2.06,4.21
2290.4,2.06,4.21
2290.9,2.05,4.21
2291.4,2.06,4.21
2291.9,2.06,4.21
2292.4,2.06,4.21
2292.9,2.06,4.21
2293.4,2.06,4.21
2293.9,2.06,4.21
2294.4,2.06,4.21
2294.9,2.06,4.21
2295.4,2.06,4.21
2295.9,2.06,4.21
2296.4,2.06,4.21
2296.9,2.06,4.21
2297.4,2.06,4.21
2297.9,2.06,4.21
2298.4,2.05,4.21
2298.9,2.06,4.21
2299.4,2.06,4.21
2299.9,2.06,4.21
2300.4,2.06,4.21
2300.9,2.06,4.21
2301.4,2.06,4.21
2301.9,2.05,4.21
2302.4,2.05,4.21
2302.9,2.06,4.21
2303.4,2.06,4.21
2303.9,2.06,4.21
2304.4,2.05,4.21
2304.9,2.06,4.21
2305.4,2.06,4.21
2305.9,2.06,4.21
2306.4,2.06,4.21
2306.9,2.06,4.21
2307.4,2.06,4.21
2307.9,2.06,4.21
2308.4,2.06,4.21
2308.9,2.06,4.21
2309.4,2.06,4.21
2309.9,2.06,4.21
2310.4,2.06,4.21
2310.9,2.06,4.21
2311.4,2.06,4.21
2311.9,2.06,4.21
2312.4,2.06,4.21
2312.9,2.06,4.21
2313.4,2.06,4.21
2313.9,2.06,4.21
2314.4,2.06,4.21
2314.9,2.06,4.21
2315.4,2.06,4.21
2315.9,2.06,4.21
2316.4,2.06,4.21
2316.9,2.06,4.21
2317.4,2.06,4.21
2317.9,2.06,4.21
2318.4,2.06,4.21
2318.9,2.06,4.21
2319.4,2.06,4.21
2319.9,2.06,4.21
2320.4,2.06,4.21
2320.9,2.06,4.21
2321.4,2.06,4.21
2321.9,2.06,4.21
2322.4,2.06,4.21
2322.9,2.06,4.21
2323.4,2.06,4.21
2323.9,2.06,4.21
2324.4,2.06,4.21
2324.9,2.06,4.21
2325.4,2.06,4.21
2325.9,2.06,4.21
2326.4,2.06,4.21
2326.9,2.06,4.21
2327.4,2.06,4.21
2327.9,2.06,4.21
2328.4,2.06,4.21
2328.9,2.06,4.21
2329.4,2.06,4.21
2329.9,2.06,4.21
2330.4,2.06,4.21
2330.9,2.06,4.21
2331.4,2.07,4.21
2331.9,2.06,4.21
2332.4,2.06,4.21
2332.9,2.06,4.21
2333.4,2.06,4.21
2333.9,2.06,4.21
2334.4,2.07,4.21
2334.9,2.07,4.21
2335.4,2.07,4.21
2335.9,2.07,4.21
2336.4,2.07,4.21
2336.9,2.07,4.21
2337.4,2.07,4.21
2337.9,2.07,4.21
2338.4,2.07,4.21
2338.9,2.07,4.21
2339.4,2.07,4.21
2339.9,2.07,4.21
2340.4,2.07,4.21
2340.9,2.07,4.21
2341.4,2.07,4.21
2341.9,2.07,4.21
2342.4,2.07,4.21
2342.9,2.07,4.21
2343.4,2.07,4.21
2343.9,2.06,4.21
2344.4,2.07,4.21
2344.9,2.07,4.21
2345.4,2.07,4.21
2345.9,2.07,4.21
2346.4,2.07,4.21
2346.9,2.07,4.21
2347.4,2.07,4.21
2347.9,2.07,4.21
2348.4,2.07,4.21
2348.9,2.07,4.22
2349.4,2.07,4.21
2349.9,2.07,4.21
2350.4,2.07,4.21
2350.9,2.07,4.21
2351.4,2.07,4.21
2351.9,2.07,4.21
2352.4,2.07,4.21
2352.9,2.07,4.21
2353.4,2.07,4.21
2353.9,2.07,4.21
2354.5,2.07,4.21
2355.0,2.07,4.21
2355.5,2.07,4.21
2356.0,2.07,4.21
2356.5,2.07,4.21
2357.0,2.07,4.21
2357.5,2.07,4.21
2358.0,2.08,4.21
2358.5,2.06,4.21
2359.0,2.06,4.21
2359.5,2.07,4.21
2360.0,2.06,4.21
2360.5,2.06,4.22
2361.0,2.06,4.21
2361.5,2.06,4.21
2362.0,2.06,4.21
2362.5,2.06,4.21
2363.0,2.06,4.21
2363.5,2.06,4.22
2364.0,2.06,4.21
2364.5,2.06,4.22
2365.0,2.06,4.21
2365.5,2.06,4.21
2366.0,2.06,4.21
2366.5,2.06,4.21
2367.0,2.06,4.22
2367.5,2.06,4.22
2368.0,2.06,4.21
2368.5,2.06,4.22
2369.0,2.06,4.22
2369.5,2.06,4.22
2370.0,2.06,4.22
2370.5,2.06,4.21
2371.0,2.06,4.21
2371.5,2.06,4.21
2372.0,2.06,4.21
2372.5,2.06,4.21
2373.0,2.06,4.21
2373.5,2.06,4.22
2374.0,2.07,4.22
2374.5,2.06,4.22
2375.0,2.06,4.22
2375.5,2.06,4.22
2376.0,2.06,4.22
2376.5,2.06,4.22
2377.0,2.06,4.22
2377.5,2.06,4.22
2378.0,2.06,4.22
2378.5,2.06,4.22
2379.0,2.06,4.22
2379.5,2.06,4.22
2380.0,2.06,4.22
2380.5,2.06,4.22
2381.0,2.06,4.22
2381.5,2.06,4.21
2382.0,2.06,4.22
2382.5,2.06,4.22
2383.0,2.06,4.22
2383.5,2.06,4.22
2384.0,2.06,4.22
2384.5,2.06,4.22
2385.0,2.06,4.22
2385.5,2.06,4.22
2386.0,2.06,4.22
2386.5,2.06,4.22
2387.0,2.06,4.22
2387.5,2.06,4.22
2388.0,2.06,4.22
2388.5,2.06,4.22
2389.0,2.06,4.22
2389.5,2.06,4.22
2390.0,2.06,4.22
2390.5,2.06,4.22
2391.0,2.06,4.22
2391.5,2.06,4.22
2392.0,2.06,4.22
2392.5,2.06,4.22
2393.0,2.06,4.22
2393.5,2.06,4.22
2394.0,2.06,4.22
2394.5,2.06,4.22
2395.0,2.06,4.22
2395.5,2.06,4.22
2396.0,2.06,4.22
2396.5,2.06,4.22
2397.0,2.06,4.22
2397.5,2.06,4.22
2398.0,2.06,4.22
2398.5,2.06,4.22
2399.0,2.06,4.22
2399.5,2.06,4.22
2400.0,2.06,4.22
2400.5,2.06,4.22
2401.0,2.06,4.22
2401.5,2.06,4.22
2402.0,2.05,4.22
2402.5,2.06,4.22
2403.0,2.06,4.22
2403.5,2.06,4.22
2404.0,2.06,4.22
2404.5,2.06,4.22
2405.0,2.06,4.22
2405.5,2.06,4.22
2406.0,2.06,4.22
2406.5,2.06,4.22
2407.0,2.06,4.22
2407.5,2.06,4.22
2408.0,2.06,4.22
2408.5,2.06,4.22
2409.0,2.06,4.22
2409.5,2.06,4.22
2410.0,2.06,4.22
2410.5,2.06,4.22
2411.0,2.06,4.22
2411.5,2.06,4.22
2412.0,2.06,4.22
2412.5,2.06,4.22
2413.0,2.06,4.22
2413.5,2.06,4.22
2414.0,2.06,4.22
2414.5,2.06,4.22
2415.0,2.06,4.22
2415.5,2.06,4.22
2416.0,2.06,4.22
2416.5,2.06,4.22
2417.0,2.06,4.22
2417.5,2.06,4.22
2418.0,2.06,4.22
2418.5,2.06,4.22
2419.0,2.06,4.22
2419.5,2.06,4.22
2420.0,2.06,4.22
2420.5,2.06,4.22
2421.0,2.06,4.22
2421.5,2.06,4.22
2422.0,2.06,4.22
2422.5,2.06,4.22
2423.0,2.06,4.22
2423.5,2.06,4.22
2424.0,2.06,4.22
2424.5,2.06,4.22
2425.1,2.06,4.23
2425.5,2.06,4.22
2426.0,2.06,4.22
2426.5,2.06,4.22
2427.1,2.06,4.22
2427.6,2.06,4.22
2428.1,2.06,4.22
2428.6,2.06,4.22
2429.1,2.06,4.22
2429.6,2.06,4.22
2430.1,2.06,4.22
2430.6,2.06,4.22
2431.1,2.06,4.22
2431.6,2.06,4.22
2432.1,2.06,4.23
2432.6,2.06,4.22
2433.1,2.06,4.22
2433.6,2.06,4.22
2434.1,2.06,4.22
2434.6,2.06,4.22
2435.1,2.06,4.23
2435.6,2.06,4.22
2436.1,2.06,4.22
2436.6,2.06,4.22
2437.1,2.06,4.22
2437.6,2.06,4.23
2438.1,2.06,4.23
2438.6,2.06,4.23
2439.1,2.06,4.23
2439.6,2.06,4.23
2440.1,2.06,4.22
2440.6,2.06,4.23
2441.1,2.06,4.23
2441.6,2.06,4.22
2442.1,2.06,4.23
2442.6,2.06,4.23
2443.1,2.06,4.22
2443.6,2.06,4.22
2444.1,2.06,4.23
2444.6,2.06,4.23
2445.1,2.06,4.23
2445.6,2.06,4.23
2446.1,2.06,4.23
2446.6,2.06,4.23
2447.1,2.06,4.23
2447.6,2.06,4.23
2448.1,2.06,4.23
2448.6,2.06,4.23
2449.1,2.06,4.23
2449.6,2.06,4.23
2450.1,2.06,4.23
2450.6,2.06,4.23
2451.1,2.06,4.23
2451.6,2.06,4.23
2452.1,2.06,4.23
2452.6,2.06,4.23
2453.1,2.06,4.23
2453.6,2.06,4.23
2454.1,2.06,4.23
2454.6,2.06,4.23
2455.1,2.06,4.23
2455.6,2.06,4.23
2456.1,2.06,4.23
2456.6,2.06,4.23
2457.1,2.06,4.23
2457.6,2.06,4.23
2458.1,2.06,4.23
2458.6,2.06,4.23
2459.1,2.06,4.23
2459.6,2.06,4.23
2460.1,2.06,4.23
2460.6,2.06,4.23
2461.1,2.06,4.23
2461.6,2.06,4.23
2462.1,2.06,4.23
2462.6,2.06,4.23
2463.1,2.06,4.23
2463.6,2.06,4.23
2464.1,2.06,4.23
2464.6,2.06,4.23
2465.1,2.06,4.23
2465.6,2.06,4.23
2466.1,2.06,4.23
2466.6,2.06,4.22
2467.1,2.06,4.23
2467.6,2.06,4.23
2468.1,2.06,4.23
2468.6,2.06,4.23
2469.1,2.06,4.23
2469.6,2.06,4.23
2470.1,2.06,4.23
2470.6,2.06,4.23
2471.1,2.06,4.23
2471.6,2.06,4.23
2472.1,2.06,4.23
2472.6,2.06,4.23
2473.1,2.06,4.23
2473.6,2.06,4.23
2474.1,2.06,4.23
2474.6,2.06,4.23
2475.1,2.06,4.23
2475.6,2.06,4.23
2476.1,2.06,4.23
2476.6,2.06,4.23
2477.1,2.06,4.23
2477.6,2.06,4.23
2478.1,2.06,4.23
2478.6,2.06,4.23
2479.1,2.06,4.23
2479.6,2.06,4.23
2480.1,2.06,4.23
2480.6,2.06,4.23
2481.1,2.06,4.23
2481.6,2.06,4.23
2482.1,2.06,4.23
2482.6,2.06,4.23
2483.1,2.06,4.23
2483.6,2.06,4.23
2484.1,2.06,4.23
2484.6,2.06,4.23
2485.1,2.06,4.23
2485.6,2.06,4.23
2486.1,2.06,4.23
2486.6,2.06,4.23
2487.1,2.06,4.23
2487.6,2.06,4.23
2488.1,2.06,4.23
2488.6,2.06,4.23
2489.1,2.06,4.23
2489.6,2.06,4.23
2490.1,2.06,4.23
2490.6,2.06,4.23
2491.1,2.06,4.23
2491.6,2.06,4.23
2492.1,2.06,4.23
2492.6,2.06,4.23
2493.1,2.06,4.23
2493.6,2.06,4.23
2494.1,2.06,4.24
2494.6,2.06,4.23
2495.1,2.06,4.23
2495.6,2.06,4.23
2496.1,2.06,4.24
2496.6,2.06,4.23
2497.2,2.06,4.23
2497.7,2.06,4.23
2498.2,2.06,4.23
2498.7,2.06,4.23
2499.2,2.06,4.23
2499.7,2.06,4.23
2500.2,2.06,4.23
2500.7,2.06,4.23
2501.2,2.06,4.23
2501.7,2.06,4.23
2502.2,2.06,4.23
2502.7,2.06,4.23
2503.2,2.06,4.23
2503.7,2.06,4.23
2504.2,2.06,4.23
2504.7,2.06,4.23
2505.2,2.06,4.23
2505.7,2.06,4.23
2506.2,2.06,4.23
2506.7,2.06,4.23
2507.2,2.06,4.24
2507.7,2.06,4.23
2508.2,2.06,4.23
2508.7,2.06,4.23
2509.2,2.06,4.23
2509.7,2.06,4.23
2510.2,2.06,4.23
2510.7,2.06,4.23
2511.2,2.06,4.23
2511.7,2.06,4.23
2512.2,2.06,4.24
2512.7,2.06,4.23
2513.2,2.06,4.24
2513.7,2.06,4.24
2514.2,2.06,4.23
2514.7,2.06,4.24
2515.2,2.06,4.23
2515.7,2.06,4.24
2516.2,2.06,4.23
2516.7,2.06,4.23
2517.2,2.06,4.24
2517.7,2.06,4.24
2518.2,2.06,4.24
2518.7,2.06,4.24
2519.2,2.06,4.24
2519.7,2.06,4.24
2520.2,2.06,4.23
2520.7,2.06,4.24
2521.2,2.06,4.23
2521.7,2.06,4.23
2522.2,2.06,4.24
2522.7,2.06,4.24
2523.2,2.06,4.24
2523.7,2.06,4.24
2524.2,2.06,4.24
2524.7,2.06,4.23
2525.2,2.06,4.24
2525.7,2.06,4.24
2526.2,2.06,4.23
2526.7,2.06,4.24
2527.2,2.06,4.24
2527.7,2.06,4.24
2528.2,2.06,4.24
2528.7,2.06,4.24
2529.2,2.06,4.24
2529.7,2.06,4.24
2530.2,2.06,4.24
2530.7,2.06,4.24
2531.2,2.06,4.24
2531.7,2.06,4.24
2532.2,2.06,4.24
2532.7,2.06,4.24
2533.2,2.06,4.24
2533.7,2.06,4.24
2534.2,2.06,4.24
2534.7,2.06,4.24
2535.2,2.06,4.24
2535.7,2.06,4.24
2536.2,2.06,4.24
2536.7,2.06,4.24
2537.2,2.06,4.24
2537.7,2.06,4.24
2538.2,2.06,4.24
2538.7,2.06,4.24
2539.2,2.06,4.24
2539.7,2.06,4.24
2540.2,2.06,4.24
2540.7,2.06,4.24
2541.2,2.06,4.24
2541.7,2.06,4.24
2542.2,2.06,4.24
2542.7,2.06,4.24
2543.2,2.06,4.24
2543.7,2.06,4.24
2544.2,2.06,4.24
2544.7,2.06,4.24
2545.2,2.06,4.24
2545.7,2.06,4.24
2546.2,2.06,4.24
2546.7,2.06,4.24
2547.2,2.06,4.24
2547.7,2.06,4.24
2548.2,2.06,4.24
2548.7,2.06,4.24
2549.2,2.06,4.24
2549.7,2.06,4.24
2550.2,2.06,4.24
2550.7,2.06,4.24
2551.2,2.06,4.24
2551.7,2.06,4.24
2552.2,2.06,4.24
2552.7,2.06,4.24
2553.2,2.06,4.24
2553.7,2.06,4.24
2554.2,2.06,4.24
2554.7,2.06,4.24
2555.2,2.06,4.24
2555.7,2.06,4.24
2556.2,2.06,4.24
2556.7,2.06,4.24
2557.2,2.06,4.24
2557.7,2.06,4.24
2558.2,2.06,4.24
2558.7,2.06,4.24
2559.2,2.06,4.24
2559.7,2.06,4.24
2560.2,2.06,4.24
2560.7,2.06,4.24
2561.2,2.06,4.24
2561.7,2.06,4.24
2562.2,2.06,4.24
2562.7,2.06,4.24
2563.2,2.06,4.24
2563.7,2.06,4.24
2564.2,2.06,4.24
2564.7,2.06,4.24
2565.2,2.06,4.24
2565.7,2.06,4.24
2566.2,2.06,4.24
2566.7,2.06,4.24
2567.3,2.06,4.24
2567.8,2.06,4.24
2568.2,2.06,4.24
2568.7,2.06,4.24
2569.3,2.06,4.24
2569.8,2.06,4.24
2570.3,2.06,4.24
2570.8,2.06,4.24
2571.3,2.06,4.24
2571.8,2.06,4.24
2572.3,2.06,4.24
2572.8,2.06,4.24
2573.3,2.06,4.24
2573.8,2.06,4.24
2574.3,2.06,4.24
2574.8,2.06,4.24
2575.3,2.06,4.24
2575.8,2.06,4.24
2576.3,2.06,4.24
2576.8,2.06,4.24
2577.3,2.06,4.24
2577.8,2.06,4.24
2578.3,2.06,4.24
2578.8,2.06,4.24
2579.3,2.06,4.24
2579.8,2.06,4.24
2580.3,2.06,4.24
2580.8,2.06,4.24
2581.3,2.06,4.24
2581.8,2.06,4.24
2582.3,2.06,4.24
2582.8,2.06,4.24
2583.3,2.06,4.24
2583.8,2.06,4.24
2584.3,2.06,4.24
2584.8,2.06,4.24
2585.3,2.06,4.24
2585.8,2.06,4.24
2586.3,2.06,4.24
2586.8,2.06,4.24
2587.3,2.06,4.24
2587.8,2.06,4.24
2588.3,2.06,4.24
2588.8,2.06,4.24
2589.3,2.06,4.24
2589.8,2.06,4.24
2590.3,2.06,4.24
2590.8,2.06,4.24
2591.3,2.06,4.24
2591.8,2.06,4.24
2592.3,2.06,4.24
2592.8,2.06,4.24
2593.3,2.06,4.24
2593.8,2.06,4.24
2594.3,2.06,4.24
2594.8,2.06,4.24
2595.3,2.06,4.24
2595.8,2.06,4.24
2596.3,2.06,4.24
2596.8,2.06,4.24
2597.3,2.06,4.24
2597.8,2.06,4.24
2598.3,2.06,4.24
2598.8,2.06,4.24
2599.3,2.06,4.24
2599.8,2.06,4.24
2600.3,2.06,4.24
2600.8,2.06,4.24
2601.3,2.06,4.24
2601.8,2.06,4.24
2602.3,2.06,4.24
2602.8,2.06,4.24
2603.3,2.06,4.25
2603.8,2.06,4.24
2604.3,2.06,4.24
2604.8,2.06,4.24
2605.3,2.06,4.24
2605.8,2.06,4.25
2606.3,2.06,4.24
2606.8,2.06,4.24
2607.3,2.06,4.24
2607.8,2.06,4.24
2608.3,2.06,4.24
2608.8,2.06,4.24
2609.3,2.06,4.24
2609.8,2.06,4.24
2610.3,2.06,4.24
2610.8,2.06,4.24
2611.3,2.06,4.25
2611.8,2.06,4.25
2612.3,2.06,4.24
2612.8,2.06,4.24
2613.3,2.06,4.24
2613.8,2.06,4.25
2614.3,2.06,4.24
2614.8,2.06,4.25
2615.3,2.06,4.25
2615.8,2.06,4.25
2616.3,2.06,4.24
2616.8,2.06,4.25
2617.3,2.06,4.25
2617.8,2.06,4.24
2618.3,2.06,4.24
2618.8,2.06,4.24
2619.3,2.06,4.25
2619.8,2.06,4.25
2620.3,2.06,4.25
2620.8,2.06,4.25
2621.3,2.06,4.25
2621.8,2.06,4.25
2622.3,2.06,4.25
2622.8,2.06,4.25
2623.3,2.06,4.25
2623.8,2.06,4.25
2624.3,2.06,4.25
2624.8,2.06,4.25
2625.3,2.06,4.25
2625.8,2.06,4.25
2626.3,2.06,4.25
2626.8,2.06,4.25
2627.3,2.06,4.25
2627.8,2.07,4.25
2628.3,2.06,4.25
2628.8,2.06,4.25
2629.3,2.06,4.25
2629.8,2.06,4.25
2630.3,2.06,4.25
2630.8,2.06,4.25
2631.3,2.06,4.25
2631.8,2.06,4.25
2632.3,2.06,4.25
2632.8,2.06,4.25
2633.3,2.06,4.25
2633.8,2.06,4.25
2634.3,2.06,4.25
2634.8,2.06,4.25
2635.3,2.06,4.25
2635.8,2.06,4.25
2636.3,2.06,4.25
2636.8,2.06,4.25
2637.3,2.06,4.25
2637.8,2.06,4.25
2638.3,2.06,4.25
2638.8,2.06,4.25
2639.4,2.06,4.25
2639.9,2.06,4.25
2640.4,2.06,4.25
2640.9,2.07,4.25
2641.4,2.06,4.25
2641.9,2.06,4.25
2642.4,2.06,4.25
2642.9,2.06,4.25
2643.4,2.06,4.25
2643.9,2.06,4.25
2644.4,2.06,4.25
2644.9,2.06,4.25
2645.4,2.06,4.25
2645.9,2.06,4.25
2646.4,2.06,4.25
2646.9,2.06,4.25
2647.4,2.06,4.25
2647.9,2.06,4.25
2648.4,2.06,4.25
2648.9,2.06,4.25
2649.4,2.06,4.25
2649.9,2.06,4.25
2650.4,2.06,4.25
2650.9,2.06,4.25
2651.4,2.06,4.25
2651.9,2.06,4.25
2652.4,2.06,4.26
2652.9,2.06,4.26
2653.4,2.06,4.25
2653.9,2.06,4.25
2654.4,2.06,4.25
2654.9,2.06,4.25
2655.4,2.06,4.26
2655.9,2.06,4.25
2656.4,2.06,4.26
2656.9,2.06,4.26
2657.4,2.06,4.25
2657.9,2.06,4.26
2658.4,2.06,4.25
2658.9,2.06,4.26
2659.4,2.06,4.26
2659.9,2.06,4.26
2660.4,2.06,4.26
2660.9,2.06,4.25
2661.4,2.06,4.26
2661.9,2.06,4.26
2662.4,2.06,4.26
2662.9,2.06,4.26
2663.4,2.06,4.25
2663.9,2.06,4.26
2664.4,2.06,4.26
2664.9,2.06,4.25
2665.4,2.06,4.25
2665.9,2.06,4.26
2666.4,2.06,4.26
2666.9,2.06,4.26
2667.4,2.06,4.26
2667.9,2.06,4.26
2668.4,2.06,4.26
2668.9,2.06,4.26
2669.4,2.06,4.26
2669.9,2.06,4.26
2670.4,2.06,4.26
2670.9,2.06,4.26
2671.4,2.06,4.26
2671.9,2.06,4.26
2672.4,2.06,4.26
2672.9,2.06,4.26
2673.4,2.06,4.26
2673.9,2.06,4.26
2674.4,2.06,4.26
2674.9,2.06,4.26
2675.4,2.06,4.26
2675.9,2.06,4.26
2676.4,2.06,4.26
2676.9,2.06,4.26
2677.4,2.06,4.26
2677.9,2.06,4.26
2678.4,2.06,4.26
2678.9,2.06,4.26
2679.4,2.06,4.26
2679.9,2.06,4.26
2680.4,2.06,4.26
2680.9,2.06,4.26
2681.4,2.06,4.26
2681.9,2.06,4.26
2682.4,2.06,4.26
2682.9,2.06,4.26
2683.4,2.06,4.26
2683.9,2.06,4.26
2684.4,2.06,4.26
2684.9,2.06,4.26
2685.4,2.06,4.26
2685.9,2.06,4.26
2686.4,2.06,4.26
2686.9,2.06,4.26
2687.4,2.06,4.26
2687.9,2.06,4.26
2688.4,2.06,4.26
2688.9,2.06,4.26
2689.4,2.06,4.26
2689.9,2.06,4.26
2690.4,2.06,4.26
2690.9,2.06,4.26
2691.4,2.06,4.26
2691.9,2.06,4.26
2692.4,2.06,4.26
2692.9,2.06,4.26
2693.4,2.06,4.26
2693.9,2.06,4.26
2694.4,2.06,4.26
2694.9,2.06,4.26
2695.4,2.06,4.26
2695.9,2.07,4.26
2696.4,2.07,4.26
2696.9,2.07,4.26
2697.4,2.07,4.26
2697.9,2.06,4.26
2698.4,2.06,4.26
2698.9,2.07,4.26
2699.4,2.07,4.26
2699.9,2.07,4.26
2700.4,2.07,4.26
2700.9,2.07,4.26
2701.4,2.06,4.26
2701.9,2.07,4.26
2702.4,2.07,4.26
2702.9,2.07,4.26
2703.4,2.06,4.26
2703.9,2.07,4.26
2704.4,2.07,4.26
2704.9,2.07,4.26
2705.4,2.07,4.26
2705.9,2.07,4.26
2706.4,2.07,4.26
2706.9,2.07,4.26
2707.4,2.07,4.26
2707.9,2.07,4.27
2708.4,2.07,4.26
2708.9,2.07,4.26
2709.4,2.07,4.26
2710.0,2.07,4.26
2710.5,2.07,4.26
2711.0,2.07,4.26
2711.5,2.07,4.26
2712.0,2.07,4.26
2712.5,2.07,4.26
2713.0,2.07,4.26
2713.5,2.07,4.26
2714.0,2.07,4.26
2714.5,2.07,4.26
2715.0,2.07,4.27
2715.5,2.07,4.26
2716.0,2.07,4.26
2716.5,2.07,4.26
2717.0,2.07,4.26
2717.5,2.07,4.26
2718.0,2.07,4.26
2718.5,2.07,4.26
2719.0,2.07,4.26
2719.5,2.06,4.26
2720.0,2.06,4.26
2720.5,2.06,4.27
2721.0,2.07,4.26
2721.5,2.06,4.26
2722.0,2.06,4.26
2722.5,2.06,4.26
2723.0,2.06,4.26
2723.5,2.06,4.26
2724.0,2.06,4.26
2724.5,2.06,4.26
2725.0,2.06,4.26
2725.5,2.06,4.26
2726.0,2.06,4.26
2726.5,2.06,4.27
2727.0,2.06,4.26
2727.5,2.06,4.26
2728.0,2.06,4.26
2728.5,2.06,4.26
2729.0,2.06,4.26
2729.5,2.06,4.26
2730.0,2.06,4.26
2730.5,2.06,4.26
2731.0,2.06,4.26
2731.5,2.06,4.26
2732.0,2.06,4.26
2732.5,2.06,4.27
2733.0,2.06,4.26
2733.5,2.06,4.26
2734.0,2.06,4.26
2734.5,2.06,4.26
2735.0,2.06,4.26
2735.5,2.06,4.26
2736.0,2.06,4.26
2736.5,2.06,4.26
2737.0,2.06,4.26
2737.5,2.06,4.26
2738.0,2.06,4.26
2738.5,2.06,4.26
2739.0,2.06,4.26
2739.5,2.06,4.26
2740.0,2.06,4.26
2740.5,2.06,4.26
2741.0,2.06,4.27
2741.5,2.06,4.26
2742.0,2.06,4.26
2742.5,2.06,4.27
2743.0,2.06,4.27
2743.5,2.06,4.26
2744.0,2.06,4.27
2744.5,2.06,4.26
2745.0,2.06,4.26
2745.5,2.06,4.26
2746.0,2.06,4.26
2746.5,2.06,4.27
2747.0,2.06,4.26
2747.5,2.06,4.27
2748.0,2.06,4.27
2748.5,2.06,4.27
2749.0,2.06,4.27
2749.5,2.06,4.27
2750.0,2.06,4.27
2750.5,2.06,4.26
2751.0,2.06,4.27
2751.5,2.06,4.26
2752.0,2.06,4.26
2752.5,2.06,4.26
2753.0,2.06,4.27
2753.5,2.06,4.27
2754.0,2.06,4.27
2754.5,2.06,4.27
2755.0,2.06,4.27
2755.5,2.07,4.26
2756.0,2.06,4.27
2756.5,2.07,4.26
2757.0,2.07,4.26
2757.5,2.07,4.27
2758.0,2.07,4.27
2758.5,2.07,4.27
2759.0,2.07,4.27
2759.5,2.07,4.26
2760.0,2.07,4.26
2760.5,2.07,4.27
2761.0,2.06,4.27
2761.5,2.06,4.26
2762.0,2.06,4.26
2762.5,2.06,4.26
2763.0,2.06,4.27
2763.5,2.06,4.27
2764.0,2.06,4.27
2764.5,2.06,4.27
2765.0,2.06,4.27
2765.5,2.06,4.27
2766.0,2.06,4.26
2766.5,2.07,4.26
2767.0,2.06,4.27
2767.5,2.07,4.26
2768.0,2.07,4.26
2768.5,2.07,4.26
2769.0,2.07,4.27
2769.5,2.07,4.27
2770.0,2.07,4.27
2770.5,2.07,4.27
2771.0,2.07,4.27
2771.5,2.07,4.27
2772.0,2.07,4.27
2772.5,2.07,4.27
2773.0,2.07,4.27
2773.5,2.07,4.26
2774.0,2.07,4.26
2774.5,2.07,4.27
2775.0,2.07,4.27
2775.5,2.07,4.27
2776.0,2.07,4.27
2776.5,2.07,4.27
2777.0,2.07,4.27
2777.5,2.07,4.27
2778.0,2.07,4.27
2778.5,2.07,4.27
2779.0,2.07,4.27
2779.5,2.07,4.27
2780.1,2.07,4.27
2780.6,2.07,4.27
2781.0,2.07,4.27
2781.5,2.07,4.27
2782.1,2.07,4.27
2782.6,2.07,4.27
2783.1,2.07,4.27
2783.6,2.07,4.27
2784.1,2.07,4.27
2784.6,2.07,4.27
2785.1,2.07,4.27
2785.6,2.07,4.27
2786.1,2.07,4.27
2786.6,2.07,4.27
2787.1,2.07,4.27
2787.6,2.07,4.27
2788.1,2.07,4.27
2788.6,2.07,4.27
2789.1,2.07,4.27
2789.6,2.07,4.27
2790.1,2.07,4.27
2790.6,2.07,4.27
2791.1,2.07,4.27
2791.6,2.07,4.27
2792.1,2.07,4.27
2792.6,2.07,4.27
2793.1,2.07,4.27
2793.6,2.07,4.27
2794.1,2.07,4.27
2794.6,2.07,4.27
2795.1,2.07,4.27
2795.6,2.07,4.27
2796.1,2.07,4.27
2796.6,2.07,4.27
2797.1,2.07,4.27
2797.6,2.07,4.27
2798.1,2.07,4.27
2798.6,2.07,4.27
2799.1,2.07,4.27
2799.6,2.07,4.27
2800.1,2.07,4.27
2800.6,2.07,4.27
2801.1,2.07,4.27
2801.6,2.07,4.27
2802.1,2.07,4.27
2802.6,2.07,4.27
2803.1,2.07,4.27
2803.6,2.07,4.27
2804.1,2.07,4.27
2804.6,2.07,4.27
2805.1,2.07,4.27
2805.6,2.07,4.27
2806.1,2.07,4.27
2806.6,2.07,4.27
2807.1,2.07,4.27
2807.6,2.07,4.28
2808.1,2.07,4.27
2808.6,2.07,4.27
2809.1,2.07,4.27
2809.6,2.07,4.27
2810.1,2.07,4.27
2810.6,2.07,4.27
2811.1,2.07,4.27
2811.6,2.07,4.27
2812.1,2.07,4.27
2812.6,2.07,4.27
2813.1,2.07,4.27
2813.6,2.07,4.27
2814.1,2.07,4.27
2814.6,2.07,4.27
2815.1,2.07,4.28
2815.6,2.07,4.27
2816.1,2.07,4.27
2816.6,2.07,4.27
2817.1,2.07,4.27
2817.6,2.07,4.27
2818.1,2.07,4.27
2818.6,2.07,4.27
2819.1,2.07,4.28
2819.6,2.07,4.27
2820.1,2.07,4.27
2820.6,2.07,4.27
2821.1,2.07,4.27
2821.6,2.07,4.27
2822.1,2.07,4.27
2822.6,2.07,4.28
2823.1,2.07,4.27
2823.6,2.07,4.27
2824.1,2.06,4.27
2824.6,2.07,4.27
2825.1,2.07,4.27
2825.6,2.07,4.27
2826.1,2.06,4.27
2826.6,2.07,4.28
2827.1,2.06,4.27
2827.6,2.06,4.27
2828.1,2.06,4.28
2828.6,2.06,4.28
2829.1,2.07,4.28
2829.6,2.07,4.28
2830.1,2.06,4.28
2830.6,2.06,4.28
2831.1,2.07,4.28
2831.6,2.07,4.28
2832.1,2.06,4.28
2832.6,2.06,4.28
2833.1,2.07,4.28
2833.6,2.07,4.28
2834.1,2.07,4.28
2834.6,2.06,4.28
2835.1,2.07,4.28
2835.6,2.07,4.27
2836.1,2.07,4.28
2836.6,2.07,4.28
2837.1,2.07,4.28
2837.6,2.07,4.28
2838.1,2.07,4.28
2838.6,2.07,4.28
2839.1,2.07,4.28
2839.6,2.07,4.28
2840.1,2.07,4.28
2840.6,2.07,4.28
2841.1,2.07,4.28
2841.6,2.07,4.28
2842.1,2.07,4.28
2842.6,2.07,4.28
2843.1,2.07,4.28
2843.6,2.07,4.28
2844.1,2.07,4.28
2844.6,2.07,4.28
2845.1,2.07,4.28
2845.6,2.07,4.28
2846.1,2.07,4.28
2846.6,2.07,4.28
2847.1,2.07,4.28
2847.6,2.07,4.28
2848.1,2.07,4.28
2848.6,2.07,4.28
2849.1,2.07,4.28
2849.6,2.07,4.28
2850.1,2.07,4.28
2850.6,2.07,4.28
2851.1,2.07,4.28
2851.6,2.07,4.28
2852.2,2.07,4.28
2852.7,2.07,4.28
2853.2,2.07,4.28
2853.7,2.07,4.28
2854.2,2.07,4.28
2854.7,2.07,4.28
2855.2,2.07,4.28
2855.7,2.07,4.28
2856.2,2.07,4.28
2856.7,2.07,4.28
2857.2,2.07,4.28
2857.7,2.07,4.28
2858.2,2.07,4.28
2858.7,2.07,4.28
2859.2,2.07,4.28
2859.7,2.07,4.28
2860.2,2.07,4.28
2860.7,2.07,4.28
2861.2,2.07,4.28
2861.7,2.07,4.28
2862.2,2.07,4.28
2862.7,2.07,4.28
2863.2,2.07,4.28
2863.7,2.07,4.28
2864.2,2.07,4.28
2864.7,2.07,4.28
2865.2,2.07,4.28
2865.7,2.07,4.28
2866.2,2.07,4.28
2866.7,2.07,4.28
2867.2,2.07,4.28
2867.7,2.07,4.28
2868.2,2.06,4.28
2868.7,2.06,4.28
2869.2,2.06,4.28
2869.7,2.07,4.28
2870.2,2.06,4.28
2870.7,2.07,4.28
2871.2,2.07,4.28
2871.7,2.06,4.28
2872.2,2.06,4.28
2872.7,2.07,4.28
2873.2,2.07,4.28
2873.7,2.07,4.28
2874.2,2.07,4.28
2874.7,2.07,4.28
2875.2,2.07,4.28
2875.7,2.07,4.28
2876.2,2.07,4.28
2876.7,2.07,4.28
2877.2,2.07,4.28
2877.7,2.06,4.28
2878.2,2.07,4.28
2878.7,2.07,4.28
2879.2,2.07,4.28
2879.7,2.07,4.28
2880.2,2.07,4.28
2880.7,2.07,4.28
2881.2,2.07,4.28
2881.7,2.06,4.28
2882.2,2.07,4.28
2882.7,2.07,4.28
2883.2,2.07,4.28
2883.7,2.07,4.28
2884.2,2.06,4.28
2884.7,2.06,4.28
2885.2,2.06,4.29
2885.7,2.06,4.28
2886.2,2.06,4.29
2886.7,2.06,4.29
2887.2,2.06,4.28
2887.7,2.06,4.29
2888.2,2.06,4.28
2888.7,2.06,4.29
2889.2,2.06,4.28
2889.7,2.06,4.29
2890.2,2.06,4.29
2890.7,2.06,4.29
2891.2,2.06,4.29
2891.7,2.06,4.29
2892.2,2.06,4.29
2892.7,2.06,4.29
2893.2,2.06,4.29
2893.7,2.06,4.29
2894.2,2.06,4.29
2894.7,2.06,4.29
2895.2,2.06,4.29
2895.7,2.06,4.29
2896.2,2.06,4.29
2896.7,2.06,4.29
2897.2,2.06,4.29
2897.7,2.06,4.29
2898.2,2.06,4.29
2898.7,2.06,4.29
2899.2,2.06,4.29
2899.7,2.07,4.29
2900.2,2.06,4.29
2900.7,2.07,4.29
2901.2,2.07,4.29
2901.7,2.07,4.29
2902.2,2.07,4.29
2902.7,2.07,4.29
2903.2,2.07,4.29
2903.7,2.07,4.29
2904.2,2.07,4.29
2904.7,2.07,4.29
2905.2,2.07,4.29
2905.7,2.06,4.29
2906.2,2.06,4.29
2906.7,2.06,4.29
2907.2,2.06,4.29
2907.7,2.06,4.29
2908.2,2.06,4.29
2908.7,2.06,4.29
2909.2,2.06,4.29
2909.7,2.06,4.29
2910.2,2.06,4.29
2910.7,2.06,4.29
2911.2,2.06,4.29
2911.7,2.07,4.29
2912.2,2.06,4.29
2912.7,2.07,4.29
2913.2,2.07,4.29
2913.7,2.07,4.29
2914.2,2.07,4.29
2914.7,2.07,4.29
2915.2,2.07,4.29
2915.7,2.07,4.29
2916.2,2.07,4.3
2916.7,2.07,4.29
2917.2,2.07,4.3
2917.7,2.07,4.29
2918.2,2.06,4.3
2918.7,2.06,4.29
2919.2,2.06,4.29
2919.7,2.06,4.29
2920.2,2.06,4.29
2920.7,2.06,4.29
2921.2,2.06,4.29
2921.7,2.06,4.29
2922.3,2.06,4.3
2922.8,2.06,4.3
2923.3,2.06,4.29
2923.8,2.06,4.3
2924.3,2.06,4.3
2924.8,2.06,4.3
2925.3,2.06,4.3
2925.8,2.06,4.3
2926.3,2.06,4.29
2926.8,2.06,4.3
2927.3,2.06,4.3
2927.8,2.06,4.3
2928.3,2.06,4.3
2928.8,2.06,4.3
2929.3,2.06,4.3
2929.8,2.06,4.3
2930.3,2.06,4.3
2930.8,2.06,4.3
2931.3,2.06,4.3
2931.8,2.06,4.3
2932.3,2.06,4.3
2932.8,2.06,4.3
2933.3,2.06,4.3
2933.8,2.06,4.3
2934.3,2.06,4.3
2934.8,2.06,4.3
2935.3,2.06,4.3
2935.8,2.06,4.3
2936.3,2.06,4.3
2936.8,2.06,4.3
2937.3,2.06,4.3
2937.8,2.06,4.3
2938.3,2.06,4.3
2938.8,2.06,4.3
2939.3,2.06,4.3
2939.8,2.06,4.3
2940.3,2.06,4.3
2940.8,2.06,4.3
2941.3,2.06,4.3
2941.8,2.06,4.3
2942.3,2.06,4.3
2942.8,2.06,4.3
2943.3,2.06,4.3
2943.8,2.06,4.3
2944.3,2.06,4.3
2944.8,2.06,4.3
2945.3,2.06,4.3
2945.8,2.06,4.3
2946.3,2.06,4.3
2946.8,2.06,4.3
2947.3,2.06,4.3
2947.8,2.06,4.3
2948.3,2.06,4.3
2948.8,2.06,4.3
2949.3,2.06,4.3
2949.8,2.06,4.3
2950.3,2.06,4.3
2950.8,2.06,4.3
2951.3,2.06,4.3
2951.8,2.06,4.3
2952.3,2.06,4.3
2952.8,2.07,4.3
2953.3,2.06,4.3
2953.8,2.06,4.3
2954.3,2.06,4.3
2954.8,2.06,4.3
2955.3,2.07,4.3
2955.8,2.07,4.3
2956.3,2.07,4.3
2956.8,2.07,4.3
2957.3,2.07,4.3
2957.8,2.07,4.3
2958.3,2.07,4.3
2958.8,2.07,4.3
2959.3,2.07,4.3
2959.8,2.07,4.3
2960.3,2.07,4.3
2960.8,2.07,4.3
2961.3,2.06,4.3
2961.8,2.06,4.3
2962.3,2.07,4.3
2962.8,2.06,4.3
2963.3,2.06,4.3
2963.8,2.06,4.31
2964.3,2.06,4.3
2964.8,2.06,4.3
2965.3,2.06,4.3
2965.8,2.06,4.3
2966.3,2.06,4.3
2966.8,2.06,4.3
2967.3,2.06,4.3
2967.8,2.06,4.3
2968.3,2.06,4.3
2968.8,2.06,4.3
2969.3,2.06,4.3
2969.8,2.06,4.3
2970.3,2.06,4.3
2970.8,2.06,4.3
2971.3,2.06,4.31
2971.8,2.06,4.3
2972.3,2.06,4.3
2972.8,2.06,4.3
2973.3,2.06,4.3
2973.8,2.06,4.3
2974.3,2.06,4.3
2974.8,2.06,4.3
2975.3,2.06,4.3
2975.8,2.06,4.31
2976.3,2.06,4.3
2976.8,2.06,4.3
2977.3,2.06,4.3
2977.8,2.06,4.3
2978.3,2.06,4.31
2978.8,2.06,4.3
2979.3,2.06,4.3
2979.8,2.06,4.3
2980.3,2.06,4.3
2980.8,2.06,4.3
2981.3,2.06,4.31
2981.8,2.06,4.3
2982.3,2.06,4.3
2982.8,2.06,4.3
2983.3,2.06,4.3
2983.8,2.06,4.31
2984.3,2.06,4.31
2984.8,2.06,4.3
2985.3,2.06,4.31
2985.8,2.06,4.31
2986.3,2.06,4.3
2986.8,2.06,4.31
2987.3,2.06,4.3
2987.8,2.06,4.31
2988.3,2.06,4.3
2988.8,2.06,4.31
2989.3,2.06,4.31
2989.8,2.06,4.31
2990.3,2.06,4.3
2990.8,2.06,4.3
2991.3,2.06,4.3
2991.8,2.06,4.3
2992.3,2.06,4.3
2992.9,2.06,4.3
2993.4,2.06,4.31
2993.8,2.06,4.31
2994.3,2.06,4.3
2994.9,2.06,4.31
2995.4,2.06,4.31
2995.9,2.06,4.3
2996.4,2.06,4.31
2996.9,2.06,4.31
2997.4,2.06,4.31
2997.9,2.06,4.31
2998.4,2.06,4.31
2998.9,2.06,4.31
2999.4,2.06,4.3
2999.9,2.06,4.31
3000.4,2.06,4.31
3000.9,2.06,4.3
3001.4,2.06,4.31
3001.9,2.06,4.31
3002.4,2.06,4.3
3002.9,2.06,4.31
3003.4,2.06,4.3
3003.9,2.06,4.3
3004.4,2.06,4.31
3004.9,2.06,4.31
3005.4,2.06,4.31
3005.9,2.06,4.31
3006.4,2.06,4.3
3006.9,2.06,4.31
3007.4,2.06,4.31
3007.9,2.06,4.31
3008.4,2.06,4.31
3008.9,2.06,4.3
3009.4,2.06,4.31
3009.9,2.06,4.31
3010.4,2.06,4.31
3010.9,2.06,4.31
3011.4,2.06,4.31
3011.9,2.06,4.31
3012.4,2.06,4.31
3012.9,2.06,4.31
3013.4,2.06,4.31
3013.9,2.06,4.31
3014.4,2.06,4.31
3014.9,2.06,4.31
3015.4,2.06,4.3
3015.9,2.06,4.31
3016.4,2.06,4.31
3016.9,2.06,4.31
3017.4,2.06,4.31
3017.9,2.06,4.31
3018.4,2.06,4.31
3018.9,2.06,4.31
3019.4,2.06,4.31
3019.9,2.06,4.31
3020.4,2.06,4.31
3020.9,2.06,4.31
3021.4,2.06,4.3
3021.9,2.06,4.31
3022.4,2.07,4.31
3022.9,2.07,4.31
3023.4,2.07,4.31
3023.9,2.07,4.31
3024.4,2.07,4.31
3024.9,2.07,4.31
3025.4,2.07,4.31
3025.9,2.07,4.31
3026.4,2.07,4.31
3026.9,2.07,4.3
3027.4,2.07,4.31
3027.9,2.07,4.31
3028.4,2.07,4.31
3028.9,2.07,4.31
3029.4,2.07,4.31
3029.9,2.07,4.31
3030.4,2.07,4.31
3030.9,2.07,4.31
3031.4,2.07,4.31
3031.9,2.07,4.31
3032.4,2.07,4.31
3032.9,2.07,4.3
3033.4,2.06,4.31
3033.9,2.07,4.31
3034.4,2.07,4.31
3034.9,2.07,4.31
3035.4,2.07,4.31
3035.9,2.06,4.31
3036.4,2.06,4.31
3036.9,2.06,4.31
3037.4,2.06,4.31
3037.9,2.06,4.31
3038.4,2.06,4.31
3038.9,2.06,4.31
3039.4,2.06,4.31
3039.9,2.06,4.31
3040.4,2.06,4.31
3040.9,2.06,4.31
3041.4,2.06,4.31
3041.9,2.06,4.31
3042.4,2.06,4.31
3042.9,2.06,4.3
3043.4,2.06,4.31
3043.9,2.06,4.3
3044.4,2.06,4.3
3044.9,2.06,4.31
3045.4,2.06,4.31
3045.9,2.06,4.31
3046.4,2.06,4.31
3046.9,2.06,4.31
3047.4,2.06,4.3
3047.9,2.06,4.31
3048.4,2.06,4.3
3048.9,2.06,4.31
3049.4,2.06,4.31
3049.9,2.06,4.31
3050.4,2.06,4.31
3050.9,2.06,4.31
3051.4,2.07,4.31
3051.9,2.07,4.31
3052.4,2.06,4.31
3052.9,2.07,4.31
3053.4,2.07,4.31
3053.9,2.07,4.3
3054.4,2.07,4.31
3054.9,2.07,4.31
3055.4,2.07,4.3
3055.9,2.07,4.31
3056.4,2.07,4.3
3056.9,2.07,4.31
3057.4,2.06,4.31
3057.9,2.07,4.31
3058.4,2.06,4.31
3058.9,2.06,4.31
3059.4,2.06,4.31
3059.9,2.06,4.31
3060.4,2.06,4.31
3060.9,2.07,4.3
3061.4,2.06,4.31
3061.9,2.06,4.31
3062.4,2.06,4.31
3062.9,2.06,4.31
3063.4,2.06,4.31
3063.9,2.06,4.31
3064.4,2.06,4.31
3065.0,2.06,4.31
3065.5,2.06,4.31
3066.0,2.06,4.3
3066.5,2.06,4.31
3067.0,2.06,4.31
3067.5,2.06,4.31
3068.0,2.06,4.31
3068.5,2.06,4.31
3069.0,2.06,4.31
3069.5,2.06,4.3
3070.0,2.06,4.3
3070.5,2.06,4.31
3071.0,2.06,4.31
3071.5,2.06,4.31
3072.0,2.06,4.31
3072.5,2.06,4.31
3073.0,2.06,4.31
3073.5,2.06,4.3
3074.0,2.06,4.31
3074.5,2.06,4.31
3075.0,2.06,4.31
3075.5,2.07,4.31
3076.0,2.07,4.31
3076.5,2.07,4.31
3077.0,2.07,4.31
3077.5,2.07,4.31
3078.0,2.07,4.31
3078.5,2.07,4.31
3079.0,2.07,4.31
3079.5,2.07,4.31
3080.0,2.07,4.31
3080.5,2.07,4.31
3081.0,2.07,4.31
3081.5,2.07,4.31
3082.0,2.07,4.31
3082.5,2.07,4.31
3083.0,2.07,4.31
3083.5,2.07,4.31
3084.0,2.06,4.31
3084.5,2.06,4.31
3085.0,2.06,4.31
3085.5,2.06,4.31
3086.0,2.06,4.31
3086.5,2.06,4.31
3087.0,2.06,4.31
3087.5,2.06,4.31
3088.0,2.06,4.31
3088.5,2.06,4.31
3089.0,2.06,4.31
3089.5,2.06,4.31
3090.0,2.06,4.31
3090.5,2.06,4.31
3091.0,2.06,4.31
3091.5,2.06,4.31
3092.0,2.06,4.31
3092.5,2.06,4.31
3093.0,2.06,4.31
3093.5,2.06,4.31
3094.0,2.06,4.3
3094.5,2.06,4.31
3095.0,2.06,4.31
3095.5,2.06,4.3
3096.0,2.06,4.31
3096.5,2.06,4.31
3097.0,2.06,4.3
3097.5,2.06,4.31
3098.0,2.06,4.31
3098.5,2.06,4.31
3099.0,2.06,4.31
3099.5,2.06,4.31
3100.0,2.06,4.3
3100.5,2.06,4.3
3101.0,2.06,4.31
3101.5,2.06,4.31
3102.0,2.06,4.31
3102.5,2.06,4.31
3103.0,2.06,4.31
3103.5,2.06,4.31
3104.0,2.06,4.31
3104.5,2.06,4.31
3105.0,2.06,4.31
3105.5,2.06,4.31
3106.0,2.06,4.31
3106.5,2.06,4.31
3107.0,2.06,4.31
3107.5,2.06,4.31
3108.0,2.06,4.31
3108.5,2.06,4.31
3109.0,2.06,4.31
3109.5,2.06,4.3
3110.0,2.06,4.31
3110.5,2.06,4.3
3111.0,2.06,4.31
3111.5,2.06,4.31
3112.0,2.06,4.31
3112.5,2.06,4.31
3113.0,2.06,4.31
3113.5,2.06,4.31
3114.0,2.06,4.31
3114.5,2.06,4.31
3115.0,2.06,4.31
3115.5,2.06,4.31
3116.0,2.06,4.31
3116.5,2.06,4.31
3117.0,2.06,4.31
3117.5,2.06,4.31
3118.0,2.06,4.31
3118.5,2.06,4.31
3119.0,2.06,4.31
3119.5,2.06,4.31
3120.0,2.06,4.31
3120.5,2.06,4.31
3121.0,2.06,4.31
3121.5,2.06,4.31
3122.0,2.06,4.31
3122.5,2.06,4.31
3123.0,2.06,4.31
3123.5,2.06,4.31
3124.0,2.06,4.31
3124.5,2.06,4.31
3125.0,2.06,4.31
3125.5,2.06,4.31
3126.0,2.06,4.31
3126.5,2.06,4.31
3127.0,2.07,4.31
3127.5,2.06,4.31
3128.0,2.06,4.31
3128.5,2.06,4.31
3129.0,2.06,4.31
3129.5,2.06,4.31
3130.0,2.06,4.31
3130.5,2.06,4.31
3131.0,2.06,4.31
3131.5,2.06,4.31
3132.0,2.06,4.31
3132.5,2.06,4.31
3133.0,2.06,4.31
3133.5,2.06,4.31
3134.0,2.06,4.31
3134.5,2.06,4.31
3135.1,2.06,4.31
3135.6,2.06,4.31
3136.1,2.06,4.31
3136.6,2.06,4.31
3137.1,2.06,4.31
3137.6,2.06,4.31
3138.1,2.06,4.31
3138.6,2.06,4.31
3139.1,2.06,4.31
3139.6,2.06,4.31
3140.1,2.06,4.31
3140.6,2.06,4.31
3141.1,2.06,4.31
3141.6,2.06,4.31
3142.1,2.06,4.31
3142.6,2.06,4.31
3143.1,2.06,4.31
3143.6,2.06,4.31
3144.1,2.06,4.31
3144.6,2.06,4.31
3145.1,2.06,4.31
3145.6,2.06,4.31
3146.1,2.06,4.31
3146.6,2.06,4.31
3147.1,2.06,4.31
3147.6,2.06,4.31
3148.1,2.06,4.31
3148.6,2.06,4.31
3149.1,2.06,4.31
3149.6,2.06,4.31
3150.1,2.06,4.31
3150.6,2.06,4.31
3151.1,2.06,4.31
3151.6,2.06,4.31
3152.1,2.06,4.31
3152.6,2.06,4.31
3153.1,2.06,4.31
3153.6,2.06,4.31
3154.1,2.06,4.31
3154.6,2.06,4.31
3155.1,2.06,4.31
3155.6,2.06,4.31
3156.1,2.06,4.31
3156.6,2.06,4.31
3157.1,2.06,4.31
3157.6,2.06,4.31
3158.1,2.06,4.31
3158.6,2.06,4.31
3159.1,2.06,4.31
3159.6,2.06,4.31
3160.1,2.06,4.31
3160.6,2.06,4.31
3161.1,2.06,4.31
3161.6,2.06,4.31
3162.1,2.06,4.31
3162.6,2.06,4.31
3163.1,2.06,4.31
3163.6,2.06,4.31
3164.1,2.06,4.31
3164.6,2.06,4.31
3165.1,2.06,4.31
3165.6,2.06,4.31
3166.1,2.06,4.31
3166.6,2.06,4.31
3167.1,2.06,4.31
3167.6,2.06,4.31
3168.1,2.06,4.31
3168.6,2.06,4.31
3169.1,2.06,4.31
3169.6,2.06,4.31
3170.1,2.06,4.31
3170.6,2.06,4.31
3171.1,2.06,4.31
3171.6,2.06,4.31
3172.1,2.06,4.31
3172.6,2.06,4.31
3173.1,2.06,4.31
3173.6,2.06,4.31
3174.1,2.06,4.31
3174.6,2.06,4.31
3175.1,2.06,4.31
3175.6,2.06,4.31
3176.1,2.06,4.31
3176.6,2.06,4.31
3177.1,2.06,4.31
3177.6,2.06,4.31
3178.1,2.06,4.31
3178.6,2.06,4.31
3179.1,2.06,4.31
3179.6,2.06,4.31
3180.1,2.06,4.31
3180.6,2.06,4.31
3181.1,2.06,4.31
3181.6,2.06,4.31
3182.1,2.06,4.31
3182.6,2.06,4.31
3183.1,2.06,4.31
3183.6,2.06,4.31
3184.1,2.06,4.31
3184.6,2.06,4.31
3185.1,2.06,4.31
3185.6,2.06,4.31
3186.1,2.06,4.31
3186.6,2.06,4.31
3187.1,2.06,4.31
3187.6,2.06,4.31
3188.1,2.06,4.31
3188.6,2.06,4.31
3189.1,2.06,4.31
3189.6,2.06,4.31
3190.1,2.06,4.32
3190.6,2.06,4.31
3191.1,2.06,4.31
3191.6,2.06,4.31
3192.1,2.06,4.31
3192.6,2.06,4.32
3193.1,2.06,4.32
3193.6,2.06,4.31
3194.1,2.06,4.31
3194.6,2.06,4.31
3195.1,2.06,4.31
3195.6,2.06,4.31
3196.1,2.06,4.31
3196.6,2.06,4.31
3197.1,2.06,4.31
3197.6,2.06,4.31
3198.1,2.06,4.31
3198.6,2.06,4.32
3199.1,2.06,4.31
3199.6,2.06,4.32
3200.1,2.06,4.31
3200.6,2.06,4.32
3201.1,2.06,4.32
3201.6,2.06,4.32
3202.1,2.06,4.32
3202.6,2.06,4.32
3203.1,2.06,4.32
3203.6,2.06,4.32
3204.1,2.06,4.32
3204.6,2.06,4.32
3205.2,2.06,4.31
3205.7,2.06,4.31
3206.2,2.06,4.32
3206.7,2.06,4.32
3207.2,2.06,4.32
3207.7,2.06,4.31
3208.2,2.06,4.32
3208.7,2.06,4.32
3209.2,2.06,4.32
3209.7,2.06,4.32
3210.2,2.06,4.32
3210.7,2.06,4.32
3211.2,2.06,4.31
3211.7,2.06,4.32
3212.2,2.06,4.32
3212.7,2.06,4.32
3213.2,2.06,4.32
3213.7,2.06,4.32
3214.2,2.06,4.32
3214.7,2.06,4.32
3215.2,2.06,4.32
3215.7,2.06,4.32
3216.2,2.06,4.32
3216.7,2.06,4.32
3217.2,2.06,4.32
3217.7,2.06,4.31
3218.2,2.06,4.32
3218.7,2.06,4.32
3219.2,2.06,4.32
3219.7,2.06,4.32
3220.2,2.06,4.32
3220.7,2.06,4.32
3221.2,2.06,4.32
3221.7,2.06,4.32
3222.2,2.06,4.32
3222.7,2.06,4.32
3223.2,2.06,4.32
3223.7,2.06,4.32
3224.2,2.06,4.32
3224.7,2.06,4.32
3225.2,2.06,4.32
3225.7,2.06,4.32
3226.2,2.06,4.32
3226.7,2.06,4.32
3227.2,2.06,4.32
3227.7,2.06,4.32
3228.2,2.06,4.32
3228.7,2.06,4.32
3229.2,2.06,4.32
3229.7,2.06,4.32
3230.2,2.06,4.32
3230.7,2.06,4.32
3231.2,2.06,4.32
3231.7,2.06,4.32
3232.2,2.06,4.32
3232.7,2.06,4.32
3233.2,2.06,4.32
3233.7,2.06,4.32
3234.2,2.06,4.32
3234.7,2.06,4.32
3235.2,2.06,4.32
3235.7,2.06,4.32
3236.2,2.06,4.32
3236.7,2.06,4.32
3237.2,2.06,4.32
3237.7,2.06,4.32
3238.2,2.06,4.32
3238.7,2.06,4.32
3239.2,2.06,4.32
3239.7,2.06,4.32
3240.2,2.06,4.32
3240.7,2.06,4.32
3241.2,2.06,4.32
3241.7,2.06,4.32
3242.2,2.06,4.32
3242.7,2.06,4.32
3243.2,2.06,4.32
3243.7,2.06,4.32
3244.2,2.06,4.32
3244.7,2.06,4.32
3245.2,2.06,4.32
3245.7,2.06,4.32
3246.2,2.06,4.32
3246.7,2.06,4.32
3247.2,2.06,4.32
3247.7,2.06,4.32
3248.2,2.06,4.32
3248.7,2.06,4.32
3249.2,2.06,4.32
3249.7,2.06,4.32
3250.2,2.06,4.32
3250.7,2.06,4.32
3251.2,2.06,4.32
3251.7,2.06,4.32
3252.2,2.06,4.32
3252.7,2.06,4.32
3253.2,2.06,4.32
3253.7,2.06,4.32
3254.2,2.06,4.32
3254.7,2.06,4.32
3255.2,2.06,4.32
3255.7,2.06,4.32
3256.2,2.06,4.32
3256.7,2.06,4.32
3257.2,2.06,4.32
3257.7,2.06,4.32
3258.2,2.06,4.32
3258.7,2.06,4.32
3259.2,2.06,4.32
3259.7,2.06,4.32
3260.2,2.06,4.32
3260.7,2.06,4.32
3261.2,2.06,4.32
3261.7,2.06,4.32
3262.2,2.06,4.32
3262.7,2.06,4.32
3263.2,2.06,4.34
3263.7,2.06,4.38
3264.2,2.06,4.38
3264.7,2.06,4.38
3265.2,2.06,4.38
3265.7,2.06,4.39
3266.2,2.06,4.39
3266.7,2.06,4.39
3267.2,2.06,4.39
3267.7,2.06,4.39
3268.2,2.06,4.39
3268.7,2.06,4.39
3269.2,2.06,4.39
3269.7,2.06,4.39
3270.2,2.06,4.39
3270.7,2.06,4.39
3271.2,2.06,4.39
3271.7,2.06,4.39
3272.2,2.06,4.39
3272.7,2.06,4.39
3273.2,2.06,4.39
3273.7,2.06,4.39
3274.2,2.06,4.39
3274.7,2.06,4.39
3275.3,2.06,4.39
3275.8,2.06,4.39
3276.2,2.06,4.39
3276.7,2.06,4.39
3277.3,2.06,4.39
3277.8,2.06,4.39
3278.3,2.06,4.39
3278.8,2.06,4.39
3279.3,2.06,4.39
3279.8,2.06,4.39
3280.3,2.06,4.39
3280.8,2.06,4.39
3281.3,2.06,4.39
3281.8,2.06,4.39
3282.3,2.06,4.39
3282.8,2.06,4.39
3283.3,2.06,4.39
3283.8,2.06,4.39
3284.3,2.06,4.39
3284.8,2.06,4.39
3285.3,2.06,4.39
3285.8,2.06,4.39
3286.3,2.06,4.39
3286.8,2.06,4.39
3287.3,2.06,4.39
3287.8,2.06,4.39
3288.3,2.06,4.39
3288.8,2.06,4.39
3289.3,2.06,4.39
3289.8,2.06,4.39
3290.3,2.06,4.39
3290.8,2.06,4.39
3291.3,2.06,4.39
3291.8,2.06,4.39
3292.3,2.06,4.39
3292.8,2.06,4.39
3293.3,2.06,4.39
3293.8,2.06,4.39
3294.3,2.06,4.39
3294.8,2.06,4.39
3295.3,2.06,4.39
3295.8,2.06,4.39
3296.3,2.06,4.39
3296.8,2.06,4.39
3297.3,2.06,4.39
3297.8,2.06,4.39
3298.3,2.06,4.39
3298.8,2.06,4.39
3299.3,2.06,4.39
3299.8,2.06,4.39
3300.3,2.06,4.39
3300.8,2.06,4.39
3301.3,2.06,4.39
3301.8,2.06,4.39
3302.3,2.06,4.39
3302.8,2.06,4.39
3303.3,2.06,4.39
3303.8,2.06,4.39
3304.3,2.06,4.39
3304.8,2.06,4.39
3305.3,2.06,4.39
3305.8,2.06,4.39
3306.3,2.06,4.39
3306.8,2.06,4.39
3307.3,2.06,4.39
3307.8,2.06,4.39
3308.3,2.06,4.39
3308.8,2.06,4.39
3309.3,2.06,4.39
3309.8,2.06,4.39
3310.3,2.06,4.39
3310.8,2.06,4.39
3311.3,2.06,4.39
3311.8,2.06,4.39
3312.3,2.06,4.39
3312.8,2.06,4.39
3313.3,2.06,4.39
3313.8,2.06,4.39
3314.3,2.06,4.39
3314.8,2.06,4.39
3315.3,2.06,4.39
3315.8,2.06,4.39
3316.3,2.06,4.39
3316.8,2.06,4.39
3317.3,2.06,4.39
3317.8,2.06,4.39
3318.3,2.06,4.39
3318.8,2.06,4.39
3319.3,2.06,4.39
3319.8,2.06,4.39
3320.3,2.06,4.39
3320.8,2.06,4.39
3321.3,2.06,4.39
3321.8,2.06,4.39
3322.3,2.06,4.39
3322.8,2.06,4.39
3323.3,2.06,4.39
3323.8,2.06,4.39
3324.3,2.06,4.39
3324.8,2.06,4.39
3325.3,2.06,4.39
3325.8,2.06,4.39
3326.3,2.06,4.39
3326.8,2.06,4.39
3327.3,2.06,4.39
3327.8,2.06,4.39
3328.3,2.06,4.39
3328.8,2.06,4.39
3329.3,2.06,4.39
3329.8,2.06,4.39
3330.3,2.06,4.39
3330.8,2.06,4.39
3331.3,2.06,4.39
3331.8,2.06,4.39
3332.3,2.06,4.39
3332.8,2.06,4.39
3333.3,2.06,4.39
3333.8,2.06,4.39
3334.3,2.06,4.39
3334.8,2.06,4.39
3335.3,2.06,4.39
3335.8,2.06,4.4
3336.3,2.06,4.39
3336.8,2.06,4.39
3337.3,2.06,4.39
3337.8,2.06,4.39
3338.3,2.06,4.39
3338.8,2.06,4.4
3339.3,2.06,4.39
3339.8,2.06,4.39
3340.3,2.06,4.39
3340.8,2.06,4.39
3341.3,2.06,4.4
3341.8,2.06,4.39
3342.3,2.06,4.39
3342.8,2.06,4.39
3343.3,2.06,4.4
3343.8,2.06,4.4
3344.3,2.06,4.39
3344.8,2.06,4.39
3345.3,2.06,4.39
3345.8,2.06,4.39
3346.3,2.06,4.39
3346.8,2.06,4.39
3347.4,2.06,4.39
3347.9,2.06,4.39
3348.4,2.06,4.39
3348.9,2.06,4.39
3349.4,2.06,4.4
3349.9,2.06,4.4
3350.4,2.06,4.39
3350.9,2.06,4.4
3351.4,2.06,4.4
3351.9,2.06,4.4
3352.4,2.06,4.4
3352.9,2.06,4.4
3353.4,2.06,4.39
3353.9,2.06,4.39
3354.4,2.06,4.4
3354.9,2.06,4.4
3355.4,2.06,4.4
3355.9,2.06,4.39
3356.4,2.06,4.4
3356.9,2.06,4.4
3357.4,2.06,4.4
3357.9,2.06,4.39
3358.4,2.06,4.4
3358.9,2.06,4.39
3359.4,2.06,4.4
3359.9,2.06,4.39
3360.4,2.06,4.39
3360.9,2.06,4.4
3361.4,2.06,4.4
3361.9,2.06,4.39
3362.4,2.06,4.4
3362.9,2.06,4.4
3363.4,2.06,4.4
3363.9,2.06,4.4
3364.4,2.06,4.4
3364.9,2.06,4.4
3365.4,2.06,4.4
3365.9,2.06,4.4
3366.4,2.06,4.4
3366.9,2.06,4.4
3367.4,2.06,4.4
3367.9,2.06,4.4
3368.4,2.06,4.4
3368.9,2.06,4.4
3369.4,2.06,4.4
3369.9,2.06,4.4
3370.4,2.06,4.4
3370.9,2.06,4.4
3371.4,2.06,4.4
3371.9,2.06,4.4
3372.4,2.06,4.4
3372.9,2.06,4.4
3373.4,2.06,1.22
3373.9,2.06,1.23
3374.4,2.06,1.27
3374.9,2.06,1.25
3375.4,2.06,1.25
3375.9,2.06,1.25
3376.4,2.06,1.23
3376.9,2.06,1.21
3377.4,2.06,1.2
3377.9,2.06,1.21
3378.4,2.06,1.21
3378.9,2.06,1.22
3379.4,2.06,1.24
3379.9,2.06,1.26
3380.4,2.06,1.27
3380.9,2.06,1.27
3381.4,2.06,1.26
3381.9,2.06,1.23
3382.4,2.06,1.21
3382.9,2.06,1.2
3383.4,2.06,1.2
3383.9,2.06,1.2
3384.4,2.06,1.21
3384.9,2.06,1.23
3385.4,2.06,1.25
3385.9,2.06,1.27
3386.4,2.05,1.27
3386.9,2.06,1.27
3387.4,2.06,1.24
3387.9,2.06,1.24
3388.4,2.06,1.22
3388.9,2.06,1.21
3389.4,2.06,1.21
3389.9,2.06,1.22
3390.4,2.06,1.23
3390.9,2.06,1.25
3391.4,2.06,1.27
3391.9,2.06,1.28
3392.4,2.06,1.28
3392.9,2.06,1.27
3393.4,2.06,1.26
3393.9,2.06,1.24
3394.4,2.06,1.22
3394.9,2.06,1.21
3395.4,2.06,1.22
3395.9,2.06,1.22
3396.4,2.06,1.24
3396.9,2.06,1.25
3397.4,2.06,1.27
3397.9,2.06,1.28
3398.4,2.06,1.28
3398.9,2.06,1.27
3399.4,2.05,1.26
3399.9,2.05,1.24
3400.4,2.05,1.22
3400.9,2.05,1.21
3401.4,2.05,1.21
3401.9,2.05,1.22
3402.4,2.05,1.23
3402.9,2.05,1.24
3403.4,2.05,1.26
3403.9,2.05,1.28
3404.4,2.05,1.28
3404.9,2.05,1.28
3405.4,2.05,1.26
3405.9,2.05,1.48
3406.4,2.05,1.28
3406.9,2.05,1.26
3407.4,2.05,1.6
3407.9,2.0,1.56
3408.4,1.96,1.59
3408.9,1.94,1.61
3409.4,1.91,1.61
3409.9,1.9,1.62
3410.4,1.88,1.47
3410.9,1.87,1.33
3411.4,1.86,1.33
3411.9,1.85,1.4
3412.4,1.84,1.55
3412.9,1.84,1.51
3413.4,1.83,1.53
3413.9,1.83,1.57
3414.4,1.83,1.59
3414.9,1.83,1.6
3415.4,1.83,1.57
3415.9,1.82,1.33
3416.4,1.81,1.34
3416.9,1.8,1.34
3417.5,1.8,1.34
3418.0,1.81,1.4
3418.5,1.81,1.63
3419.0,1.8,1.51
3419.5,1.8,1.39
3420.0,1.8,1.42
3420.5,1.8,1.43
3421.0,1.8,1.49
3421.5,1.81,1.54
3422.0,1.8,1.5
3422.5,1.81,1.46
3423.0,1.81,1.46
3423.5,1.81,1.48
3424.0,1.8,1.47
3424.5,1.81,1.45
3425.0,1.8,1.42
3425.5,1.79,1.53
3426.0,1.8,1.57
3426.5,1.8,1.55
3427.0,1.8,1.59
3427.5,1.79,1.64
3428.0,1.8,1.59
3428.5,1.8,1.52
3429.0,1.79,1.54
3429.5,1.79,1.62
3430.0,1.79,1.72
3430.5,1.79,1.6
3431.0,1.8,1.53
3431.5,1.8,1.72
3432.0,1.83,1.71
3432.5,1.84,1.84
3433.0,1.85,1.74
3433.5,1.87,1.8
3434.0,1.88,1.84
3434.5,1.89,3.18
3435.0,1.9,3.59
3435.5,1.91,3.3
3436.0,1.92,3.56
3436.5,1.92,3.71
3437.0,1.91,3.87
3437.5,1.91,3.88
3438.0,1.9,3.88
3438.5,1.9,3.84
3439.0,1.9,3.82
3439.5,1.89,3.81
3440.0,1.89,3.83
3440.5,1.89,3.83
3441.0,1.89,3.86
3441.5,1.89,3.85
3442.0,1.88,3.84
3442.5,1.88,3.86
3443.0,1.87,3.86
3443.5,1.88,3.86
3444.0,1.87,3.86
3444.5,1.87,3.86
3445.0,1.87,3.88
3445.5,1.87,3.88
3446.0,1.87,3.62
3446.5,1.87,2.71
3447.0,1.88,1.34
3447.5,1.9,1.28
3448.0,1.9,1.26
3448.5,1.92,1.24
3449.0,1.93,1.23
3449.5,1.94,1.23
3450.0,1.94,1.23
3450.5,1.95,1.24
3451.0,1.96,1.26
3451.5,1.97,1.28
3452.0,1.98,1.29
3452.5,1.98,1.3
3453.0,1.99,1.29
3453.5,1.99,1.28
3454.0,2.0,1.26
3454.5,2.0,1.24
3455.0,2.01,1.23
3455.5,2.01,1.23
3456.0,2.01,1.24
3456.5,2.01,1.25
3457.0,2.01,1.27
3457.5,2.02,1.29
3458.0,2.02,1.3
3458.5,2.02,1.3
3459.0,2.03,1.28
3459.5,2.03,1.27
3460.0,2.03,1.25
3460.5,2.03,1.23
3461.0,2.03,1.23
3461.5,2.04,1.24
3462.0,2.04,1.25
3462.5,2.04,1.26
3463.0,2.04,1.28
3463.5,2.04,1.3
3464.0,2.04,1.3
3464.5,2.04,1.29
3465.0,2.04,1.28
3465.5,2.04,1.26
3466.0,2.05,1.24
3466.5,2.05,1.23
3467.0,2.05,1.24
3467.5,2.05,1.24
3468.0,2.05,1.26
3468.5,2.05,1.27
3469.0,2.05,1.29
3469.5,2.05,1.3
3470.0,2.05,1.3
3470.5,2.05,1.28
3471.0,2.05,1.27
3471.5,2.05,1.25
3472.0,2.05,1.24
3472.5,2.05,1.24
3473.0,2.05,1.24
3473.5,2.05,1.25
3474.0,2.05,1.27
3474.5,2.05,1.29
3475.0,2.05,1.31
3475.5,2.05,1.3
3476.0,2.05,1.29
3476.5,2.05,1.27
3477.0,2.05,1.25
3477.5,2.05,1.23
3478.0,2.05,1.24
3478.5,2.05,1.24
3479.0,2.05,1.26
3479.5,2.05,1.28
3480.0,2.05,1.3
3480.5,2.05,1.3
3481.0,2.05,1.29
3481.5,2.05,1.28
3482.0,2.05,1.26
3482.5,2.05,1.24
3483.0,2.05,1.24
3483.5,2.05,1.24
3484.0,2.05,1.25
3484.5,2.05,1.27
3485.0,2.05,1.29
3485.5,2.05,1.3
3486.0,2.05,1.3
3486.5,2.05,1.28
3487.0,2.05,1.26
3487.6,2.05,1.24
3488.1,2.05,1.23
3488.6,2.05,1.24
3489.1,2.05,1.25
3489.6,2.05,1.27
3490.1,2.05,1.29
3490.6,2.05,1.31
3491.1,2.05,1.3
3491.6,2.05,1.28
3492.1,2.05,1.26
3492.6,2.05,1.24
3493.1,2.05,1.24
3493.6,2.05,1.24
3494.1,2.05,1.26
3494.6,2.05,1.28
3495.1,2.05,1.3
3495.6,2.05,1.31
3496.1,2.05,1.3
3496.6,2.05,1.28
3497.1,2.05,1.25
3497.6,2.05,1.24
3498.1,2.05,1.24
3498.6,2.05,1.25
3499.1,2.05,1.26
3499.6,2.05,1.28
3500.1,2.05,1.3
3500.6,2.05,1.3
3501.1,2.05,1.28
3501.6,2.05,1.26
3502.1,2.05,1.23
3502.6,2.05,1.23
3503.1,2.05,1.24
3503.6,2.05,1.25
3504.1,2.05,1.27
3504.6,2.05,1.3
3505.1,2.05,1.31
3505.6,2.05,1.3
3506.1,2.05,1.28
3506.6,2.05,1.26
3507.1,2.05,1.24
3507.6,2.05,1.24
3508.1,2.05,1.24
3508.6,2.05,1.26
3509.1,2.05,1.28
3509.6,2.05,1.3
3510.1,2.05,1.31
3510.6,2.05,1.3
3511.1,2.05,1.28
3511.6,2.05,1.26
3512.1,2.05,1.24
3512.6,2.05,1.24
3513.1,2.05,1.25
3513.6,2.05,1.27
3514.1,2.05,1.29
3514.6,2.05,1.31
3515.1,2.05,1.31
3515.6,2.05,1.3
3516.1,2.05,1.28
3516.6,2.05,1.25
3517.1,2.05,1.24
3517.6,2.05,1.24
3518.1,2.05,1.25
3518.6,2.05,1.27
3519.1,2.05,1.29
3519.6,2.05,1.31
3520.1,2.05,1.31
3520.6,2.05,1.3
3521.1,2.06,1.28
3521.6,2.06,1.25
3522.1,2.06,1.24
3522.6,2.06,1.24
3523.1,2.06,1.25
3523.6,2.06,1.26
3524.1,2.06,1.28
3524.6,2.06,1.3
3525.1,2.06,1.31
3525.6,2.06,1.3
3526.1,2.06,1.29
3526.6,2.05,1.27
3527.1,2.05,1.25
3527.6,2.05,1.24
3528.1,2.05,1.24
3528.6,2.05,1.25
3529.1,2.05,1.27
3529.6,2.05,1.28
3530.1,2.05,1.3
3530.6,2.05,1.31
3531.1,2.05,1.31
3531.6,2.05,1.29
3532.1,2.05,1.28
3532.6,2.05,1.26
3533.1,2.05,1.24
3533.6,2.05,1.24
3534.1,2.05,1.25
3534.6,2.05,1.26
3535.1,2.05,1.28
3535.6,2.05,1.29
3536.1,2.06,1.31
3536.6,2.05,1.31
3537.1,2.05,1.3
3537.6,2.06,1.29
3538.1,2.06,1.27
3538.6,2.06,1.25
3539.1,2.06,1.24
3539.6,2.06,1.24
3540.1,2.06,1.25
3540.6,2.06,1.26
3541.1,2.06,1.28
3541.6,2.06,1.3
3542.1,2.06,1.31
3542.6,2.06,1.31
3543.1,2.06,1.3
3543.6,2.06,1.29
3544.1,2.06,1.27
3544.6,2.06,1.25
3545.1,2.06,1.24
3545.6,2.06,1.24
3546.1,2.06,1.25
3546.6,2.06,1.26
3547.1,2.06,1.28
3547.6,2.06,1.3
3548.1,2.06,1.31
3548.6,2.05,1.32
3549.1,2.06,1.31
3549.6,2.06,1.29
3550.1,2.06,1.28
3550.6,2.06,1.26
3551.1,2.06,1.24
3551.6,2.06,1.24
3552.1,2.06,1.24
3552.6,2.06,1.26
3553.1,2.06,1.27
3553.6,2.06,1.28
3554.1,2.06,1.3
3554.6,2.06,1.31
3555.1,2.06,1.31
3555.6,2.06,1.3
3556.1,2.06,1.29
3556.6,2.06,1.28
3557.1,2.06,1.26
3557.6,2.06,1.24
3558.2,2.06,1.24
3558.6,2.06,1.24
3559.2,2.06,1.25
3559.7,2.06,1.26
3560.2,2.06,1.28
3560.7,2.06,1.29
3561.2,2.06,1.31
3561.7,2.06,1.31
3562.2,2.06,1.31
3562.7,2.06,1.29
3563.2,2.06,1.28
3563.7,2.06,1.26
3564.2,2.06,1.25
3564.7,2.06,1.24
3565.2,2.06,1.24
3565.7,2.06,1.25
3566.2,2.05,1.26
3566.7,2.06,1.27
3567.2,2.05,1.29
3567.7,2.05,1.32
3568.2,2.06,1.3
3568.7,2.06,1.3
3569.2,2.06,1.3
3569.7,2.06,1.29
3570.2,2.06,1.27
3570.7,2.06,1.25
3571.2,2.05,1.24
3571.7,2.05,1.24
3572.2,2.05,1.25
3572.7,2.05,1.26
3573.2,2.06,1.27
3573.7,2.05,1.29
3574.2,2.06,1.31
3574.7,2.06,1.32
3575.2,2.06,1.31
3575.7,2.06,1.3
3576.2,2.06,1.28
3576.7,2.06,1.26
3577.2,2.06,1.26
3577.7,2.06,1.25
3578.2,2.06,1.25
3578.7,2.06,1.24
3579.2,2.06,1.25
3579.7,2.06,1.27
3580.2,2.06,1.29
3580.7,2.06,1.29
3581.2,2.06,1.3
3581.7,2.06,1.3
3582.2,2.06,1.29
3582.7,2.06,1.28
3583.2,2.06,1.27
3583.7,2.06,4.31
3584.2,2.06,4.35
3584.7,2.06,4.36
3585.2,2.06,4.37
3585.7,2.06,4.37
3586.2,2.06,4.37
3586.7,2.06,4.35
3587.2,2.06,4.36
3587.7,2.06,4.37
3588.2,2.06,4.37
3588.7,2.06,4.37
3589.2,2.06,4.38
3589.7,2.06,4.37
3590.2,2.06,4.37
3590.7,2.06,4.38
3591.2,2.06,4.38
3591.7,2.06,4.38
3592.2,2.06,4.38
3592.7,2.06,4.38
3593.2,2.06,4.38
3593.7,2.06,4.38
3594.2,2.06,4.38
3594.7,2.06,4.38
3595.2,2.06,4.38
3595.7,2.06,4.38
3596.2,2.06,4.38
3596.7,2.06,4.38
3597.2,2.06,4.38
3597.7,2.06,4.38
3598.2,2.06,4.38
3598.7,2.06,4.38
3599.2,2.06,4.38
3599.7,2.06,4.38
3600.2,2.06,4.38
